{"stats":{"minecraft:crafted":{"minecraft:oak_planks":652,"minecraft:raw_iron":45,"minecraft:tripwire_hook":2,"minecraft:furnace":3,"minecraft:lever":1,"minecraft:diamond_shovel":1,"minecraft:oak_trapdoor":2,"minecraft:diamond_helmet":1,"minecraft:bow":14,"minecraft:diamond_leggings":1,"minecraft:stone_pickaxe":1,"minecraft:chest":5,"minecraft:diamond_boots":1,"minecraft:spruce_boat":1,"minecraft:stone_hoe":1,"minecraft:wheat":117,"minecraft:crossbow":5,"minecraft:diamond_sword":1,"minecraft:arrow":240,"minecraft:emerald":80,"minecraft:diamond_axe":1,"minecraft:crafting_table":4,"minecraft:spruce_planks":28,"minecraft:wooden_pickaxe":1,"minecraft:fletching_table":2,"minecraft:bucket":1,"minecraft:stone_axe":1,"minecraft:bread":39,"minecraft:air":0,"minecraft:white_wool":7,"minecraft:diamond_pickaxe":1,"minecraft:stick":1340,"minecraft:iron_ingot":69,"minecraft:iron_pickaxe":1,"minecraft:iron_block":4,"minecraft:anvil":1,"minecraft:torch":76,"minecraft:shears":1,"minecraft:diamond_chestplate":1},"minecraft:used":{"minecraft:oak_trapdoor":2,"minecraft:chest":5,"minecraft:stone_hoe":57,"minecraft:torch":32,"minecraft:dirt":555,"minecraft:anvil":1,"minecraft:spruce_boat":9,"minecraft:smooth_basalt":12,"minecraft:tripwire_hook":2,"minecraft:bow":7,"minecraft:furnace":3,"minecraft:cobbled_deepslate":80,"minecraft:water_bucket":7,"minecraft:stone_pickaxe":3,"minecraft:oak_planks":75,"minecraft:wooden_pickaxe":17,"minecraft:diamond_axe":725,"minecraft:fletching_table":3,"minecraft:sugar_cane":3,"minecraft:sand":2,"minecraft:crafting_table":11,"minecraft:shears":7,"minecraft:lever":1,"minecraft:diamond_pickaxe":1023,"minecraft:diamond_shovel":1549,"minecraft:string":21,"minecraft:bread":32,"minecraft:iron_pickaxe":190,"minecraft:gravel":45,"minecraft:stone_axe":31,"minecraft:diamond_sword":158,"minecraft:cobblestone":179,"minecraft:bucket":7,"minecraft:yellow_bed":1},"minecraft:custom":{"minecraft:mob_kills":34,"minecraft:interact_with_anvil":4,"minecraft:interact_with_crafting_table":40,"minecraft:leave_game":1,"minecraft:time_since_death":190255,"minecraft:climb_one_cm":2733,"minecraft:sprint_one_cm":228853,"minecraft:walk_one_cm":620757,"minecraft:drop":90,"minecraft:talked_to_villager":33,"minecraft:play_time":190255,"minecraft:sneak_time":3222,"minecraft:walk_under_water_one_cm":11580,"minecraft:boat_one_cm":298322,"minecraft:jump":2451,"minecraft:walk_on_water_one_cm":68840,"minecraft:total_world_time":190255,"minecraft:interact_with_furnace":13,"minecraft:traded_with_villager":114,"minecraft:sleep_in_bed":7,"minecraft:time_since_rest":4457,"minecraft:damage_taken":1203,"minecraft:damage_dealt":6661,"minecraft:swim_one_cm":18755,"minecraft:fly_one_cm":391391,"minecraft:open_chest":43,"minecraft:crouch_one_cm":5924,"minecraft:fall_one_cm":41055},"minecraft:dropped":{"minecraft:water_bucket":1,"minecraft:bread":7,"minecraft:diamond":14,"minecraft:crafting_table":1,"minecraft:granite":6,"minecraft:cracked_stone_bricks":8,"minecraft:iron_door":2,"minecraft:sand":39,"minecraft:iron_pickaxe":1,"minecraft:string":19,"minecraft:bucket":1,"minecraft:spruce_sapling":2,"minecraft:smooth_basalt":1,"minecraft:stone_axe":1,"minecraft:kelp":1,"minecraft:cobbled_deepslate":66,"minecraft:tuff":64,"minecraft:raw_iron":165,"minecraft:rotten_flesh":2,"minecraft:oak_planks":1,"minecraft:poppy":4,"minecraft:mossy_stone_bricks":19,"minecraft:stone_bricks":17,"minecraft:wooden_pickaxe":1,"minecraft:bow":8,"minecraft:stone_pickaxe":1,"minecraft:calcite":9,"minecraft:egg":2},"minecraft:killed":{"minecraft:cave_spider":3,"minecraft:spider":4,"minecraft:skeleton":8,"minecraft:silverfish":2,"minecraft:drowned":1,"minecraft:iron_golem":2,"minecraft:creeper":1,"minecraft:zombie":12},"minecraft:picked_up":{"minecraft:crafting_table":9,"minecraft:wheat":2,"minecraft:clay_ball":4,"minecraft:string":3470,"minecraft:cracked_stone_bricks":10,"minecraft:cobbled_deepslate":147,"minecraft:bucket":1,"minecraft:calcite":9,"minecraft:azalea":2,"minecraft:poppy":4,"minecraft:sugar_cane":7,"minecraft:egg":3,"minecraft:stick":6,"minecraft:raw_iron":237,"minecraft:composter":1,"minecraft:oak_fence":4,"minecraft:torch":20,"minecraft:diorite":30,"minecraft:carrot":8,"minecraft:rotten_flesh":5,"minecraft:hay_block":13,"minecraft:obsidian":4,"minecraft:rail":93,"minecraft:cobblestone":357,"minecraft:iron_door":2,"minecraft:water_bucket":1,"minecraft:andesite":18,"minecraft:potato":3,"minecraft:flint":7,"minecraft:tuff":64,"minecraft:oak_log":163,"minecraft:yellow_bed":2,"minecraft:gunpowder":1,"minecraft:lapis_lazuli":38,"minecraft:dirt":567,"minecraft:bone":1,"minecraft:stone_bricks":18,"minecraft:kelp":1,"minecraft:bow":7,"minecraft:wheat_seeds":36,"minecraft:iron_ingot":8,"minecraft:mossy_stone_bricks":19,"minecraft:fletching_table":1,"minecraft:oak_planks":156,"minecraft:book":1030,"minecraft:smooth_basalt":13,"minecraft:raw_iron_block":5,"minecraft:gravel":63,"minecraft:sand":110,"minecraft:spruce_sapling":2,"minecraft:spruce_log":7,"minecraft:spider_eye":2,"minecraft:diamond":58,"minecraft:spruce_boat":8,"minecraft:granite":10,"minecraft:oak_sapling":5,"minecraft:coal":28},"minecraft:mined":{"minecraft:tuff":101,"minecraft:farmland":21,"minecraft:deepslate_diamond_ore":51,"minecraft:obsidian":4,"minecraft:granite":16,"minecraft:grass_block":292,"minecraft:spruce_leaves":3,"minecraft:composter":1,"minecraft:oxeye_daisy":1,"minecraft:spawner":2,"minecraft:large_fern":2,"minecraft:hay_block":13,"minecraft:raw_iron_block":5,"minecraft:carrots":2,"minecraft:iron_ore":34,"minecraft:andesite":46,"minecraft:fletching_table":1,"minecraft:vine":1,"minecraft:bookshelf":345,"minecraft:cave_vines":1,"minecraft:deepslate_iron_ore":86,"minecraft:dirt_path":187,"minecraft:rail":93,"minecraft:azalea":2,"minecraft:stone":368,"minecraft:tripwire":7,"minecraft:deepslate_redstone_ore":5,"minecraft:infested_stone_bricks":3,"minecraft:dandelion":4,"minecraft:oak_fence":4,"minecraft:clay":1,"minecraft:crafting_table":8,"minecraft:torch":5,"minecraft:short_grass":199,"minecraft:calcite":9,"minecraft:tall_grass":10,"minecraft:cobblestone":21,"minecraft:lapis_ore":8,"minecraft:sugar_cane":2,"minecraft:oak_planks":190,"minecraft:diorite":45,"minecraft:iron_door":2,"minecraft:wall_torch":5,"minecraft:seagrass":1,"minecraft:sweet_berry_bush":1,"minecraft:wheat":8,"minecraft:spruce_log":7,"minecraft:stripped_oak_wood":1,"minecraft:yellow_bed":2,"minecraft:oak_log":164,"minecraft:coal_ore":25,"minecraft:gravel":71,"minecraft:sand":235,"minecraft:dirt":82,"minecraft:cracked_stone_bricks":8,"minecraft:cobweb":36,"minecraft:smooth_basalt":13,"minecraft:stone_bricks":11,"minecraft:mossy_stone_bricks":14,"minecraft:oak_leaves":61,"minecraft:deepslate":249,"minecraft:fern":2}},"DataVersion":3955}