{"stats":{"minecraft:used":{"minecraft:stone_pickaxe":3,"minecraft:oak_planks":24,"minecraft:sugar_cane":3,"minecraft:wooden_pickaxe":17,"minecraft:diamond_axe":190,"minecraft:fletching_table":1,"minecraft:stone_hoe":57,"minecraft:torch":8,"minecraft:dirt":341,"minecraft:sand":1,"minecraft:crafting_table":10,"minecraft:spruce_boat":1,"minecraft:diamond_pickaxe":651,"minecraft:diamond_shovel":1063,"minecraft:bread":20,"minecraft:iron_pickaxe":190,"minecraft:gravel":20,"minecraft:smooth_basalt":12,"minecraft:stone_axe":31,"minecraft:diamond_sword":94,"minecraft:cobblestone":13,"minecraft:cobbled_deepslate":80},"minecraft:dropped":{"minecraft:stone_axe":1,"minecraft:cobbled_deepslate":66,"minecraft:diamond":14,"minecraft:crafting_table":1,"minecraft:tuff":64,"minecraft:raw_iron":165,"minecraft:granite":6,"minecraft:poppy":2,"minecraft:sand":38,"minecraft:wooden_pickaxe":1,"minecraft:stone_pickaxe":1,"minecraft:iron_pickaxe":1,"minecraft:calcite":9,"minecraft:smooth_basalt":1,"minecraft:egg":2,"minecraft:spruce_sapling":2},"minecraft:custom":{"minecraft:mob_kills":26,"minecraft:traded_with_villager":18,"minecraft:interact_with_crafting_table":18,"minecraft:time_since_death":83774,"minecraft:sleep_in_bed":3,"minecraft:time_since_rest":11621,"minecraft:sprint_one_cm":106227,"minecraft:damage_taken":962,"minecraft:walk_one_cm":332374,"minecraft:drop":42,"minecraft:damage_dealt":5460,"minecraft:swim_one_cm":18390,"minecraft:talked_to_villager":10,"minecraft:fly_one_cm":132088,"minecraft:open_chest":5,"minecraft:crouch_one_cm":2862,"minecraft:play_time":83774,"minecraft:sneak_time":2044,"minecraft:walk_under_water_one_cm":6985,"minecraft:boat_one_cm":24176,"minecraft:jump":1021,"minecraft:walk_on_water_one_cm":25499,"minecraft:total_world_time":83774,"minecraft:fall_one_cm":16707},"minecraft:killed":{"minecraft:cave_spider":3,"minecraft:spider":4,"minecraft:iron_golem":1,"minecraft:creeper":1,"minecraft:skeleton":8,"minecraft:zombie":8},"minecraft:picked_up":{"minecraft:crafting_table":9,"minecraft:andesite":12,"minecraft:flint":4,"minecraft:tuff":64,"minecraft:oak_log":61,"minecraft:gunpowder":1,"minecraft:lapis_lazuli":38,"minecraft:string":23,"minecraft:dirt":367,"minecraft:bone":1,"minecraft:wheat_seeds":12,"minecraft:cobbled_deepslate":147,"minecraft:iron_ingot":3,"minecraft:calcite":9,"minecraft:poppy":2,"minecraft:fletching_table":1,"minecraft:sugar_cane":3,"minecraft:oak_planks":93,"minecraft:egg":3,"minecraft:stick":6,"minecraft:raw_iron":120,"minecraft:smooth_basalt":13,"minecraft:oak_fence":4,"minecraft:torch":8,"minecraft:raw_iron_block":5,"minecraft:gravel":30,"minecraft:sand":103,"minecraft:spruce_sapling":2,"minecraft:diorite":7,"minecraft:spruce_log":7,"minecraft:spider_eye":2,"minecraft:diamond":58,"minecraft:spruce_boat":1,"minecraft:hay_block":13,"minecraft:granite":6,"minecraft:oak_sapling":5,"minecraft:rail":93,"minecraft:coal":19,"minecraft:cobblestone":103},"minecraft:crafted":{"minecraft:oak_planks":244,"minecraft:raw_iron":45,"minecraft:diamond_sword":1,"minecraft:arrow":16,"minecraft:emerald":16,"minecraft:diamond_axe":1,"minecraft:crafting_table":2,"minecraft:spruce_planks":28,"minecraft:wooden_pickaxe":1,"minecraft:fletching_table":1,"minecraft:diamond_shovel":1,"minecraft:stone_axe":1,"minecraft:bread":39,"minecraft:bow":1,"minecraft:white_wool":7,"minecraft:diamond_helmet":1,"minecraft:diamond_leggings":1,"minecraft:diamond_pickaxe":1,"minecraft:stick":528,"minecraft:iron_pickaxe":1,"minecraft:stone_pickaxe":1,"minecraft:diamond_boots":1,"minecraft:spruce_boat":1,"minecraft:torch":8,"minecraft:stone_hoe":1,"minecraft:diamond_chestplate":1,"minecraft:wheat":117},"minecraft:mined":{"minecraft:deepslate_redstone_ore":5,"minecraft:tuff":101,"minecraft:deepslate_diamond_ore":51,"minecraft:dandelion":4,"minecraft:oak_fence":4,"minecraft:crafting_table":8,"minecraft:torch":2,"minecraft:granite":12,"minecraft:short_grass":148,"minecraft:grass_block":158,"minecraft:calcite":9,"minecraft:tall_grass":6,"minecraft:cobblestone":6,"minecraft:sugar_cane":1,"minecraft:spruce_leaves":1,"minecraft:lapis_ore":8,"minecraft:oak_planks":127,"minecraft:oxeye_daisy":1,"minecraft:diorite":22,"minecraft:wall_torch":2,"minecraft:spawner":1,"minecraft:large_fern":2,"minecraft:hay_block":13,"minecraft:raw_iron_block":5,"minecraft:carrots":1,"minecraft:iron_ore":34,"minecraft:spruce_log":7,"minecraft:andesite":22,"minecraft:stripped_oak_wood":1,"minecraft:fletching_table":1,"minecraft:oak_log":62,"minecraft:coal_ore":19,"minecraft:sand":169,"minecraft:dirt_path":168,"minecraft:deepslate_iron_ore":86,"minecraft:rail":93,"minecraft:gravel":34,"minecraft:dirt":52,"minecraft:cobweb":17,"minecraft:smooth_basalt":13,"minecraft:stone":116,"minecraft:oak_leaves":57,"minecraft:deepslate":249}},"DataVersion":3955}