{"stats":{"minecraft:crafted":{"minecraft:oak_planks":652,"minecraft:raw_iron":45,"minecraft:tripwire_hook":2,"minecraft:furnace":3,"minecraft:lever":1,"minecraft:diamond_shovel":1,"minecraft:oak_trapdoor":2,"minecraft:diamond_helmet":1,"minecraft:bow":14,"minecraft:diamond_leggings":1,"minecraft:stone_pickaxe":1,"minecraft:chest":5,"minecraft:diamond_boots":1,"minecraft:spruce_boat":1,"minecraft:stone_hoe":1,"minecraft:wheat":117,"minecraft:crossbow":5,"minecraft:diamond_sword":1,"minecraft:arrow":240,"minecraft:emerald":80,"minecraft:diamond_axe":1,"minecraft:crafting_table":4,"minecraft:spruce_planks":28,"minecraft:wooden_pickaxe":1,"minecraft:fletching_table":2,"minecraft:bucket":1,"minecraft:stone_axe":1,"minecraft:bread":39,"minecraft:air":0,"minecraft:white_wool":7,"minecraft:diamond_pickaxe":1,"minecraft:stick":1260,"minecraft:iron_ingot":69,"minecraft:iron_pickaxe":1,"minecraft:iron_block":4,"minecraft:anvil":1,"minecraft:torch":8,"minecraft:shears":1,"minecraft:diamond_chestplate":1},"minecraft:used":{"minecraft:oak_trapdoor":2,"minecraft:chest":5,"minecraft:stone_hoe":57,"minecraft:torch":9,"minecraft:dirt":555,"minecraft:anvil":1,"minecraft:spruce_boat":2,"minecraft:smooth_basalt":12,"minecraft:tripwire_hook":2,"minecraft:bow":7,"minecraft:furnace":3,"minecraft:cobbled_deepslate":80,"minecraft:water_bucket":3,"minecraft:stone_pickaxe":3,"minecraft:oak_planks":75,"minecraft:wooden_pickaxe":17,"minecraft:diamond_axe":322,"minecraft:fletching_table":3,"minecraft:sugar_cane":3,"minecraft:sand":2,"minecraft:crafting_table":11,"minecraft:shears":7,"minecraft:lever":1,"minecraft:diamond_pickaxe":720,"minecraft:diamond_shovel":1549,"minecraft:string":21,"minecraft:bread":28,"minecraft:iron_pickaxe":190,"minecraft:gravel":45,"minecraft:stone_axe":31,"minecraft:diamond_sword":126,"minecraft:cobblestone":49,"minecraft:bucket":4},"minecraft:custom":{"minecraft:mob_kills":31,"minecraft:interact_with_anvil":4,"minecraft:interact_with_crafting_table":40,"minecraft:leave_game":1,"minecraft:time_since_death":154255,"minecraft:climb_one_cm":151,"minecraft:sprint_one_cm":186104,"minecraft:walk_one_cm":533139,"minecraft:drop":59,"minecraft:talked_to_villager":33,"minecraft:play_time":154255,"minecraft:sneak_time":2692,"minecraft:walk_under_water_one_cm":10030,"minecraft:boat_one_cm":163697,"minecraft:jump":2057,"minecraft:walk_on_water_one_cm":60384,"minecraft:total_world_time":154255,"minecraft:interact_with_furnace":13,"minecraft:traded_with_villager":114,"minecraft:sleep_in_bed":6,"minecraft:time_since_rest":15033,"minecraft:damage_taken":1129,"minecraft:damage_dealt":6301,"minecraft:swim_one_cm":18755,"minecraft:fly_one_cm":334440,"minecraft:open_chest":38,"minecraft:crouch_one_cm":4647,"minecraft:fall_one_cm":34808},"minecraft:dropped":{"minecraft:bread":7,"minecraft:diamond":14,"minecraft:crafting_table":1,"minecraft:granite":6,"minecraft:sand":39,"minecraft:iron_pickaxe":1,"minecraft:spruce_sapling":2,"minecraft:smooth_basalt":1,"minecraft:stone_axe":1,"minecraft:cobbled_deepslate":66,"minecraft:tuff":64,"minecraft:raw_iron":165,"minecraft:poppy":4,"minecraft:wooden_pickaxe":1,"minecraft:bow":8,"minecraft:stone_pickaxe":1,"minecraft:calcite":9,"minecraft:egg":2},"minecraft:killed":{"minecraft:cave_spider":3,"minecraft:spider":4,"minecraft:skeleton":8,"minecraft:drowned":1,"minecraft:iron_golem":2,"minecraft:creeper":1,"minecraft:zombie":11},"minecraft:picked_up":{"minecraft:crafting_table":9,"minecraft:wheat":2,"minecraft:clay_ball":4,"minecraft:string":3451,"minecraft:cobbled_deepslate":147,"minecraft:calcite":9,"minecraft:azalea":2,"minecraft:poppy":4,"minecraft:sugar_cane":7,"minecraft:egg":3,"minecraft:stick":6,"minecraft:raw_iron":237,"minecraft:composter":1,"minecraft:oak_fence":4,"minecraft:torch":9,"minecraft:diorite":28,"minecraft:carrot":8,"minecraft:rotten_flesh":3,"minecraft:hay_block":13,"minecraft:rail":93,"minecraft:cobblestone":145,"minecraft:andesite":18,"minecraft:potato":3,"minecraft:flint":7,"minecraft:tuff":64,"minecraft:oak_log":163,"minecraft:yellow_bed":1,"minecraft:gunpowder":1,"minecraft:lapis_lazuli":38,"minecraft:dirt":567,"minecraft:bone":1,"minecraft:bow":7,"minecraft:wheat_seeds":36,"minecraft:iron_ingot":8,"minecraft:fletching_table":1,"minecraft:oak_planks":102,"minecraft:smooth_basalt":13,"minecraft:raw_iron_block":5,"minecraft:gravel":63,"minecraft:sand":110,"minecraft:spruce_sapling":2,"minecraft:spruce_log":7,"minecraft:spider_eye":2,"minecraft:diamond":58,"minecraft:spruce_boat":2,"minecraft:granite":6,"minecraft:oak_sapling":5,"minecraft:coal":28},"minecraft:mined":{"minecraft:tuff":101,"minecraft:farmland":21,"minecraft:deepslate_diamond_ore":51,"minecraft:granite":12,"minecraft:grass_block":291,"minecraft:spruce_leaves":1,"minecraft:composter":1,"minecraft:oxeye_daisy":1,"minecraft:spawner":1,"minecraft:large_fern":2,"minecraft:hay_block":13,"minecraft:raw_iron_block":5,"minecraft:carrots":2,"minecraft:iron_ore":34,"minecraft:andesite":27,"minecraft:fletching_table":1,"minecraft:cave_vines":1,"minecraft:deepslate_iron_ore":86,"minecraft:dirt_path":187,"minecraft:rail":93,"minecraft:azalea":2,"minecraft:stone":155,"minecraft:tripwire":7,"minecraft:deepslate_redstone_ore":5,"minecraft:dandelion":4,"minecraft:oak_fence":4,"minecraft:clay":1,"minecraft:crafting_table":8,"minecraft:torch":2,"minecraft:short_grass":193,"minecraft:calcite":9,"minecraft:tall_grass":9,"minecraft:cobblestone":6,"minecraft:lapis_ore":8,"minecraft:sugar_cane":2,"minecraft:oak_planks":136,"minecraft:diorite":43,"minecraft:wall_torch":2,"minecraft:wheat":8,"minecraft:spruce_log":7,"minecraft:stripped_oak_wood":1,"minecraft:yellow_bed":1,"minecraft:oak_log":164,"minecraft:coal_ore":21,"minecraft:gravel":70,"minecraft:sand":235,"minecraft:dirt":79,"minecraft:cobweb":17,"minecraft:smooth_basalt":13,"minecraft:oak_leaves":61,"minecraft:deepslate":249,"minecraft:fern":1}},"DataVersion":3955}