{"stats":{"minecraft:used":{"minecraft:stone_pickaxe":3,"minecraft:wooden_pickaxe":17,"minecraft:diamond_axe":4,"minecraft:fletching_table":1,"minecraft:stone_hoe":57,"minecraft:torch":7,"minecraft:dirt":1,"minecraft:crafting_table":9,"minecraft:spruce_boat":1,"minecraft:diamond_pickaxe":625,"minecraft:bread":16,"minecraft:iron_pickaxe":190,"minecraft:gravel":20,"minecraft:smooth_basalt":12,"minecraft:stone_axe":31,"minecraft:diamond_sword":80,"minecraft:cobblestone":9,"minecraft:cobbled_deepslate":60},"minecraft:dropped":{"minecraft:cobbled_deepslate":2,"minecraft:crafting_table":1,"minecraft:granite":6,"minecraft:poppy":2,"minecraft:calcite":9},"minecraft:custom":{"minecraft:mob_kills":22,"minecraft:traded_with_villager":2,"minecraft:interact_with_crafting_table":17,"minecraft:time_since_death":47774,"minecraft:sleep_in_bed":1,"minecraft:time_since_rest":36679,"minecraft:sprint_one_cm":64655,"minecraft:damage_taken":863,"minecraft:walk_one_cm":116674,"minecraft:drop":5,"minecraft:damage_dealt":4700,"minecraft:swim_one_cm":3867,"minecraft:talked_to_villager":4,"minecraft:fly_one_cm":77616,"minecraft:open_chest":4,"minecraft:crouch_one_cm":2861,"minecraft:play_time":47774,"minecraft:sneak_time":1949,"minecraft:walk_under_water_one_cm":2633,"minecraft:boat_one_cm":24176,"minecraft:jump":606,"minecraft:walk_on_water_one_cm":6834,"minecraft:total_world_time":47774,"minecraft:fall_one_cm":12411},"minecraft:killed":{"minecraft:cave_spider":3,"minecraft:spider":3,"minecraft:iron_golem":1,"minecraft:skeleton":8,"minecraft:zombie":6},"minecraft:picked_up":{"minecraft:crafting_table":9,"minecraft:andesite":12,"minecraft:flint":3,"minecraft:tuff":64,"minecraft:oak_log":10,"minecraft:lapis_lazuli":38,"minecraft:string":21,"minecraft:dirt":4,"minecraft:bone":1,"minecraft:wheat_seeds":1,"minecraft:cobbled_deepslate":147,"minecraft:iron_ingot":3,"minecraft:calcite":9,"minecraft:poppy":2,"minecraft:stick":6,"minecraft:raw_iron":120,"minecraft:smooth_basalt":13,"minecraft:torch":3,"minecraft:raw_iron_block":5,"minecraft:gravel":22,"minecraft:spruce_sapling":2,"minecraft:diorite":7,"minecraft:spruce_log":7,"minecraft:spider_eye":2,"minecraft:diamond":51,"minecraft:spruce_boat":1,"minecraft:hay_block":13,"minecraft:granite":6,"minecraft:oak_sapling":5,"minecraft:rail":93,"minecraft:coal":19,"minecraft:cobblestone":103},"minecraft:crafted":{"minecraft:oak_planks":40,"minecraft:raw_iron":45,"minecraft:diamond_sword":1,"minecraft:emerald":2,"minecraft:diamond_axe":1,"minecraft:crafting_table":2,"minecraft:spruce_planks":28,"minecraft:wooden_pickaxe":1,"minecraft:fletching_table":1,"minecraft:diamond_shovel":1,"minecraft:stone_axe":1,"minecraft:bread":39,"minecraft:white_wool":7,"minecraft:diamond_helmet":1,"minecraft:diamond_leggings":1,"minecraft:diamond_pickaxe":1,"minecraft:stick":96,"minecraft:iron_pickaxe":1,"minecraft:stone_pickaxe":1,"minecraft:diamond_boots":1,"minecraft:spruce_boat":1,"minecraft:torch":8,"minecraft:stone_hoe":1,"minecraft:diamond_chestplate":1,"minecraft:wheat":117},"minecraft:mined":{"minecraft:deepslate_redstone_ore":5,"minecraft:tuff":101,"minecraft:deepslate_diamond_ore":51,"minecraft:crafting_table":8,"minecraft:torch":2,"minecraft:granite":8,"minecraft:short_grass":19,"minecraft:grass_block":2,"minecraft:calcite":9,"minecraft:cobblestone":6,"minecraft:spruce_leaves":1,"minecraft:lapis_ore":8,"minecraft:diorite":16,"minecraft:wall_torch":2,"minecraft:spawner":1,"minecraft:large_fern":2,"minecraft:hay_block":13,"minecraft:raw_iron_block":5,"minecraft:iron_ore":34,"minecraft:spruce_log":7,"minecraft:andesite":22,"minecraft:oak_log":10,"minecraft:coal_ore":19,"minecraft:deepslate_iron_ore":86,"minecraft:rail":93,"minecraft:gravel":25,"minecraft:dirt":2,"minecraft:cobweb":17,"minecraft:smooth_basalt":13,"minecraft:stone":102,"minecraft:oak_leaves":57,"minecraft:deepslate":249}},"DataVersion":3955}