{"stats":{"minecraft:used":{"minecraft:spruce_boat":1,"minecraft:bread":5,"minecraft:stone_pickaxe":3,"minecraft:iron_pickaxe":3,"minecraft:wooden_pickaxe":17,"minecraft:stone_axe":16,"minecraft:dirt":1,"minecraft:cobblestone":6,"minecraft:crafting_table":4},"minecraft:custom":{"minecraft:time_since_rest":679,"minecraft:sprint_one_cm":20710,"minecraft:damage_taken":235,"minecraft:walk_one_cm":19155,"minecraft:mob_kills":1,"minecraft:damage_dealt":1000,"minecraft:talked_to_villager":1,"minecraft:swim_one_cm":3042,"minecraft:interact_with_crafting_table":10,"minecraft:fly_one_cm":35101,"minecraft:crouch_one_cm":262,"minecraft:play_time":11774,"minecraft:sneak_time":465,"minecraft:walk_under_water_one_cm":201,"minecraft:boat_one_cm":24176,"minecraft:jump":149,"minecraft:time_since_death":11774,"minecraft:walk_on_water_one_cm":1368,"minecraft:sleep_in_bed":1,"minecraft:total_world_time":11774,"minecraft:fall_one_cm":5047},"minecraft:killed":{"minecraft:iron_golem":1},"minecraft:picked_up":{"minecraft:crafting_table":3,"minecraft:spruce_sapling":2,"minecraft:spruce_log":7,"minecraft:dirt":1,"minecraft:spruce_boat":1,"minecraft:hay_block":13,"minecraft:iron_ingot":3,"minecraft:poppy":2,"minecraft:cobblestone":22},"minecraft:crafted":{"minecraft:crafting_table":2,"minecraft:spruce_planks":28,"minecraft:stick":24,"minecraft:iron_pickaxe":1,"minecraft:wooden_pickaxe":1,"minecraft:stone_pickaxe":1,"minecraft:spruce_boat":1,"minecraft:stone_axe":1,"minecraft:bread":39,"minecraft:wheat":117},"minecraft:mined":{"minecraft:large_fern":2,"minecraft:hay_block":13,"minecraft:spruce_log":7,"minecraft:crafting_table":3,"minecraft:grass_block":1,"minecraft:cobblestone":6,"minecraft:spruce_leaves":1,"minecraft:stone":16}},"DataVersion":3955}