{"stats":{"minecraft:used":{"minecraft:oak_trapdoor":2,"minecraft:chest":2,"minecraft:stone_hoe":57,"minecraft:torch":8,"minecraft:dirt":549,"minecraft:anvil":1,"minecraft:spruce_boat":1,"minecraft:smooth_basalt":12,"minecraft:tripwire_hook":2,"minecraft:furnace":3,"minecraft:cobbled_deepslate":80,"minecraft:water_bucket":2,"minecraft:stone_pickaxe":3,"minecraft:oak_planks":75,"minecraft:wooden_pickaxe":17,"minecraft:fletching_table":2,"minecraft:diamond_axe":307,"minecraft:sugar_cane":3,"minecraft:sand":2,"minecraft:crafting_table":11,"minecraft:diamond_pickaxe":651,"minecraft:diamond_shovel":1526,"minecraft:string":2,"minecraft:bread":25,"minecraft:iron_pickaxe":190,"minecraft:gravel":27,"minecraft:stone_axe":31,"minecraft:diamond_sword":116,"minecraft:cobblestone":49,"minecraft:bucket":2},"minecraft:dropped":{"minecraft:diamond":14,"minecraft:crafting_table":1,"minecraft:granite":6,"minecraft:sand":39,"minecraft:iron_pickaxe":1,"minecraft:spruce_sapling":2,"minecraft:smooth_basalt":1,"minecraft:stone_axe":1,"minecraft:cobbled_deepslate":66,"minecraft:tuff":64,"minecraft:raw_iron":165,"minecraft:poppy":2,"minecraft:stone_pickaxe":1,"minecraft:wooden_pickaxe":1,"minecraft:calcite":9,"minecraft:egg":2},"minecraft:custom":{"minecraft:interact_with_anvil":1,"minecraft:mob_kills":27,"minecraft:interact_with_crafting_table":29,"minecraft:time_since_death":119774,"minecraft:sprint_one_cm":148314,"minecraft:walk_one_cm":465251,"minecraft:drop":43,"minecraft:talked_to_villager":19,"minecraft:play_time":119774,"minecraft:sneak_time":2308,"minecraft:walk_under_water_one_cm":7133,"minecraft:boat_one_cm":24176,"minecraft:jump":1529,"minecraft:walk_on_water_one_cm":45172,"minecraft:total_world_time":119774,"minecraft:interact_with_furnace":13,"minecraft:traded_with_villager":55,"minecraft:sleep_in_bed":5,"minecraft:time_since_rest":20559,"minecraft:damage_taken":1070,"minecraft:damage_dealt":5660,"minecraft:swim_one_cm":18390,"minecraft:fly_one_cm":232568,"minecraft:open_chest":18,"minecraft:crouch_one_cm":3666,"minecraft:fall_one_cm":24716},"minecraft:killed":{"minecraft:cave_spider":3,"minecraft:spider":4,"minecraft:skeleton":8,"minecraft:drowned":1,"minecraft:iron_golem":1,"minecraft:creeper":1,"minecraft:zombie":8},"minecraft:picked_up":{"minecraft:crafting_table":9,"minecraft:wheat":2,"minecraft:clay_ball":4,"minecraft:string":23,"minecraft:cobbled_deepslate":147,"minecraft:calcite":9,"minecraft:poppy":2,"minecraft:sugar_cane":7,"minecraft:egg":3,"minecraft:raw_iron":237,"minecraft:stick":6,"minecraft:composter":1,"minecraft:oak_fence":4,"minecraft:torch":8,"minecraft:diorite":7,"minecraft:carrot":8,"minecraft:hay_block":13,"minecraft:rail":93,"minecraft:cobblestone":103,"minecraft:andesite":12,"minecraft:potato":3,"minecraft:flint":5,"minecraft:tuff":64,"minecraft:oak_log":156,"minecraft:gunpowder":1,"minecraft:lapis_lazuli":38,"minecraft:dirt":554,"minecraft:bone":1,"minecraft:wheat_seeds":36,"minecraft:iron_ingot":3,"minecraft:fletching_table":1,"minecraft:oak_planks":101,"minecraft:smooth_basalt":13,"minecraft:raw_iron_block":5,"minecraft:gravel":46,"minecraft:sand":110,"minecraft:spruce_sapling":2,"minecraft:spruce_log":7,"minecraft:spider_eye":2,"minecraft:diamond":58,"minecraft:spruce_boat":1,"minecraft:granite":6,"minecraft:oak_sapling":5,"minecraft:coal":19},"minecraft:crafted":{"minecraft:oak_planks":624,"minecraft:raw_iron":45,"minecraft:tripwire_hook":2,"minecraft:furnace":3,"minecraft:diamond_shovel":1,"minecraft:oak_trapdoor":2,"minecraft:diamond_helmet":1,"minecraft:diamond_leggings":1,"minecraft:bow":7,"minecraft:stone_pickaxe":1,"minecraft:chest":2,"minecraft:diamond_boots":1,"minecraft:spruce_boat":1,"minecraft:stone_hoe":1,"minecraft:wheat":117,"minecraft:crossbow":5,"minecraft:diamond_sword":1,"minecraft:emerald":39,"minecraft:arrow":64,"minecraft:diamond_axe":1,"minecraft:crafting_table":4,"minecraft:spruce_planks":28,"minecraft:wooden_pickaxe":1,"minecraft:fletching_table":1,"minecraft:bucket":1,"minecraft:stone_axe":1,"minecraft:bread":39,"minecraft:air":0,"minecraft:white_wool":7,"minecraft:diamond_pickaxe":1,"minecraft:stick":1260,"minecraft:iron_ingot":69,"minecraft:iron_pickaxe":1,"minecraft:iron_block":4,"minecraft:anvil":1,"minecraft:torch":8,"minecraft:diamond_chestplate":1},"minecraft:mined":{"minecraft:tuff":101,"minecraft:farmland":21,"minecraft:deepslate_diamond_ore":51,"minecraft:granite":12,"minecraft:grass_block":288,"minecraft:spruce_leaves":1,"minecraft:composter":1,"minecraft:oxeye_daisy":1,"minecraft:spawner":1,"minecraft:large_fern":2,"minecraft:hay_block":13,"minecraft:raw_iron_block":5,"minecraft:carrots":2,"minecraft:iron_ore":34,"minecraft:andesite":22,"minecraft:fletching_table":1,"minecraft:deepslate_iron_ore":86,"minecraft:dirt_path":187,"minecraft:rail":93,"minecraft:stone":116,"minecraft:deepslate_redstone_ore":5,"minecraft:dandelion":4,"minecraft:crafting_table":8,"minecraft:oak_fence":4,"minecraft:clay":1,"minecraft:torch":2,"minecraft:short_grass":186,"minecraft:calcite":9,"minecraft:tall_grass":9,"minecraft:cobblestone":6,"minecraft:lapis_ore":8,"minecraft:oak_planks":136,"minecraft:sugar_cane":2,"minecraft:diorite":22,"minecraft:wall_torch":2,"minecraft:wheat":8,"minecraft:spruce_log":7,"minecraft:stripped_oak_wood":1,"minecraft:coal_ore":19,"minecraft:oak_log":157,"minecraft:dirt":75,"minecraft:gravel":52,"minecraft:sand":235,"minecraft:cobweb":17,"minecraft:smooth_basalt":13,"minecraft:oak_leaves":61,"minecraft:deepslate":249}},"DataVersion":3955}