{"stats":{"minecraft:crafted":{"minecraft:oak_planks":812,"minecraft:raw_iron":45,"minecraft:tripwire_hook":2,"minecraft:furnace":3,"minecraft:lever":1,"minecraft:diamond_shovel":2,"minecraft:bookshelf":13,"minecraft:oak_trapdoor":2,"minecraft:diamond_helmet":1,"minecraft:bow":14,"minecraft:diamond_leggings":1,"minecraft:stone_pickaxe":1,"minecraft:chest":22,"minecraft:diamond_boots":1,"minecraft:spruce_boat":1,"minecraft:stone_hoe":1,"minecraft:wheat":117,"minecraft:crossbow":5,"minecraft:diamond_sword":1,"minecraft:arrow":240,"minecraft:emerald":96,"minecraft:diamond_axe":1,"minecraft:crafting_table":5,"minecraft:spruce_planks":28,"minecraft:wooden_pickaxe":1,"minecraft:fletching_table":2,"minecraft:bucket":1,"minecraft:stone_axe":1,"minecraft:bread":39,"minecraft:air":0,"minecraft:white_wool":7,"minecraft:diamond_pickaxe":1,"minecraft:stick":1356,"minecraft:iron_ingot":69,"minecraft:iron_pickaxe":1,"minecraft:iron_block":4,"minecraft:anvil":1,"minecraft:torch":76,"minecraft:shears":1,"minecraft:diamond_chestplate":1},"minecraft:used":{"minecraft:oak_trapdoor":2,"minecraft:chest":29,"minecraft:stone_hoe":57,"minecraft:torch":32,"minecraft:dirt":558,"minecraft:anvil":1,"minecraft:spruce_boat":9,"minecraft:bookshelf":11,"minecraft:smooth_basalt":12,"minecraft:tripwire_hook":2,"minecraft:bow":7,"minecraft:furnace":3,"minecraft:cobbled_deepslate":80,"minecraft:water_bucket":7,"minecraft:stone_pickaxe":3,"minecraft:oak_planks":86,"minecraft:wooden_pickaxe":17,"minecraft:diamond_axe":874,"minecraft:fletching_table":3,"minecraft:sugar_cane":3,"minecraft:sand":2,"minecraft:crafting_table":12,"minecraft:shears":7,"minecraft:lever":1,"minecraft:diamond_pickaxe":1071,"minecraft:diamond_shovel":1593,"minecraft:string":21,"minecraft:bread":34,"minecraft:iron_pickaxe":190,"minecraft:gravel":45,"minecraft:stone_axe":31,"minecraft:diamond_sword":158,"minecraft:cobblestone":179,"minecraft:bucket":7,"minecraft:yellow_bed":2},"minecraft:custom":{"minecraft:mob_kills":34,"minecraft:interact_with_anvil":4,"minecraft:interact_with_crafting_table":49,"minecraft:leave_game":1,"minecraft:time_since_death":208255,"minecraft:climb_one_cm":2733,"minecraft:sprint_one_cm":245523,"minecraft:walk_one_cm":675176,"minecraft:drop":100,"minecraft:talked_to_villager":37,"minecraft:play_time":208255,"minecraft:sneak_time":3865,"minecraft:walk_under_water_one_cm":11818,"minecraft:boat_one_cm":308489,"minecraft:jump":2685,"minecraft:walk_on_water_one_cm":73192,"minecraft:total_world_time":208255,"minecraft:interact_with_furnace":13,"minecraft:traded_with_villager":130,"minecraft:sleep_in_bed":8,"minecraft:time_since_rest":8746,"minecraft:damage_taken":1209,"minecraft:damage_dealt":6677,"minecraft:swim_one_cm":18755,"minecraft:fly_one_cm":427593,"minecraft:open_chest":58,"minecraft:crouch_one_cm":6607,"minecraft:fall_one_cm":42994},"minecraft:dropped":{"minecraft:water_bucket":1,"minecraft:bread":7,"minecraft:wheat_seeds":19,"minecraft:mossy_cobblestone":17,"minecraft:diamond":16,"minecraft:crafting_table":1,"minecraft:cobblestone":8,"minecraft:granite":6,"minecraft:cracked_stone_bricks":8,"minecraft:stick":5,"minecraft:dirt":1,"minecraft:iron_door":2,"minecraft:sand":39,"minecraft:iron_pickaxe":1,"minecraft:string":19,"minecraft:bucket":1,"minecraft:spruce_sapling":2,"minecraft:smooth_basalt":1,"minecraft:stone_axe":1,"minecraft:kelp":1,"minecraft:cobbled_deepslate":66,"minecraft:obsidian":4,"minecraft:tuff":64,"minecraft:raw_iron":165,"minecraft:rotten_flesh":2,"minecraft:oak_planks":1,"minecraft:poppy":4,"minecraft:spruce_planks":4,"minecraft:mossy_stone_bricks":19,"minecraft:oak_sapling":3,"minecraft:stone_bricks":17,"minecraft:wooden_pickaxe":1,"minecraft:bow":8,"minecraft:stone_pickaxe":1,"minecraft:calcite":9,"minecraft:egg":2},"minecraft:killed":{"minecraft:cave_spider":3,"minecraft:spider":4,"minecraft:skeleton":8,"minecraft:silverfish":2,"minecraft:drowned":1,"minecraft:iron_golem":2,"minecraft:creeper":1,"minecraft:zombie":12},"minecraft:picked_up":{"minecraft:crafting_table":9,"minecraft:wheat":2,"minecraft:clay_ball":4,"minecraft:oak_stairs":3,"minecraft:string":4371,"minecraft:cracked_stone_bricks":10,"minecraft:cobbled_deepslate":147,"minecraft:bucket":1,"minecraft:spruce_planks":4,"minecraft:calcite":9,"minecraft:azalea":2,"minecraft:poppy":4,"minecraft:sugar_cane":7,"minecraft:chest":7,"minecraft:egg":3,"minecraft:stick":11,"minecraft:raw_iron":237,"minecraft:oak_door":1,"minecraft:composter":1,"minecraft:oak_fence":4,"minecraft:torch":23,"minecraft:diorite":30,"minecraft:carrot":8,"minecraft:arrow":80,"minecraft:rotten_flesh":5,"minecraft:hay_block":13,"minecraft:white_terracotta":31,"minecraft:obsidian":4,"minecraft:rail":93,"minecraft:cobblestone":376,"minecraft:stripped_oak_log":32,"minecraft:iron_door":2,"minecraft:water_bucket":1,"minecraft:andesite":18,"minecraft:potato":3,"minecraft:flint":7,"minecraft:tuff":64,"minecraft:oak_log":171,"minecraft:yellow_bed":2,"minecraft:gunpowder":1,"minecraft:lapis_lazuli":38,"minecraft:dirt":580,"minecraft:bone":1,"minecraft:stone_bricks":18,"minecraft:kelp":1,"minecraft:bow":8,"minecraft:wheat_seeds":55,"minecraft:iron_ingot":8,"minecraft:mossy_stone_bricks":19,"minecraft:fletching_table":1,"minecraft:oak_planks":241,"minecraft:book":1069,"minecraft:smooth_basalt":13,"minecraft:raw_iron_block":5,"minecraft:gravel":65,"minecraft:sand":137,"minecraft:spruce_sapling":2,"minecraft:spruce_log":7,"minecraft:spider_eye":2,"minecraft:mossy_cobblestone":20,"minecraft:diamond":71,"minecraft:spruce_boat":8,"minecraft:granite":10,"minecraft:oak_sapling":8,"minecraft:coal":28},"minecraft:mined":{"minecraft:tuff":101,"minecraft:farmland":21,"minecraft:mossy_cobblestone":3,"minecraft:deepslate_diamond_ore":51,"minecraft:obsidian":4,"minecraft:granite":16,"minecraft:grass_block":296,"minecraft:spruce_leaves":3,"minecraft:composter":1,"minecraft:oxeye_daisy":1,"minecraft:spawner":2,"minecraft:large_fern":2,"minecraft:hay_block":13,"minecraft:raw_iron_block":5,"minecraft:carrots":2,"minecraft:iron_ore":34,"minecraft:andesite":46,"minecraft:fletching_table":1,"minecraft:oak_stairs":3,"minecraft:vine":1,"minecraft:bookshelf":358,"minecraft:cave_vines":1,"minecraft:deepslate_iron_ore":86,"minecraft:dirt_path":189,"minecraft:rail":93,"minecraft:stripped_oak_log":32,"minecraft:azalea":2,"minecraft:stone":368,"minecraft:tripwire":7,"minecraft:deepslate_redstone_ore":5,"minecraft:glass_pane":3,"minecraft:infested_stone_bricks":3,"minecraft:dandelion":4,"minecraft:oak_fence":4,"minecraft:clay":1,"minecraft:crafting_table":8,"minecraft:torch":5,"minecraft:short_grass":199,"minecraft:calcite":9,"minecraft:chest":7,"minecraft:tall_grass":10,"minecraft:cobblestone":32,"minecraft:lapis_ore":8,"minecraft:sugar_cane":2,"minecraft:oak_planks":275,"minecraft:diorite":45,"minecraft:iron_door":2,"minecraft:wall_torch":6,"minecraft:seagrass":1,"minecraft:white_terracotta":31,"minecraft:sweet_berry_bush":1,"minecraft:wheat":8,"minecraft:spruce_log":7,"minecraft:stripped_oak_wood":1,"minecraft:yellow_bed":2,"minecraft:oak_log":172,"minecraft:coal_ore":25,"minecraft:gravel":73,"minecraft:sand":262,"minecraft:dirt":88,"minecraft:cracked_stone_bricks":8,"minecraft:cobweb":36,"minecraft:smooth_basalt":13,"minecraft:stone_bricks":11,"minecraft:mossy_stone_bricks":14,"minecraft:oak_leaves":61,"minecraft:deepslate":249,"minecraft:fern":2}},"DataVersion":3955}