{"stats":{"minecraft:used":{"minecraft:chest":2,"minecraft:stone_hoe":57,"minecraft:torch":8,"minecraft:dirt":547,"minecraft:spruce_boat":1,"minecraft:smooth_basalt":12,"minecraft:furnace":3,"minecraft:cobbled_deepslate":80,"minecraft:stone_pickaxe":3,"minecraft:oak_planks":58,"minecraft:wooden_pickaxe":17,"minecraft:fletching_table":2,"minecraft:diamond_axe":293,"minecraft:sugar_cane":3,"minecraft:sand":1,"minecraft:crafting_table":11,"minecraft:diamond_pickaxe":651,"minecraft:diamond_shovel":1513,"minecraft:bread":25,"minecraft:iron_pickaxe":190,"minecraft:gravel":20,"minecraft:stone_axe":31,"minecraft:diamond_sword":116,"minecraft:cobblestone":35},"minecraft:dropped":{"minecraft:diamond":14,"minecraft:crafting_table":1,"minecraft:granite":6,"minecraft:sand":39,"minecraft:iron_pickaxe":1,"minecraft:spruce_sapling":2,"minecraft:smooth_basalt":1,"minecraft:stone_axe":1,"minecraft:cobbled_deepslate":66,"minecraft:tuff":64,"minecraft:raw_iron":165,"minecraft:poppy":2,"minecraft:stone_pickaxe":1,"minecraft:wooden_pickaxe":1,"minecraft:calcite":9,"minecraft:egg":2},"minecraft:custom":{"minecraft:mob_kills":27,"minecraft:interact_with_crafting_table":21,"minecraft:time_since_death":107774,"minecraft:sprint_one_cm":135614,"minecraft:walk_one_cm":446471,"minecraft:drop":43,"minecraft:talked_to_villager":17,"minecraft:play_time":107774,"minecraft:sneak_time":2153,"minecraft:walk_under_water_one_cm":7133,"minecraft:boat_one_cm":24176,"minecraft:jump":1391,"minecraft:walk_on_water_one_cm":44643,"minecraft:total_world_time":107774,"minecraft:interact_with_furnace":10,"minecraft:traded_with_villager":50,"minecraft:sleep_in_bed":5,"minecraft:time_since_rest":8559,"minecraft:damage_taken":1070,"minecraft:damage_dealt":5660,"minecraft:swim_one_cm":18390,"minecraft:fly_one_cm":201256,"minecraft:open_chest":14,"minecraft:crouch_one_cm":3240,"minecraft:fall_one_cm":22301},"minecraft:killed":{"minecraft:cave_spider":3,"minecraft:spider":4,"minecraft:skeleton":8,"minecraft:drowned":1,"minecraft:iron_golem":1,"minecraft:creeper":1,"minecraft:zombie":8},"minecraft:picked_up":{"minecraft:crafting_table":9,"minecraft:wheat":2,"minecraft:clay_ball":4,"minecraft:string":23,"minecraft:cobbled_deepslate":147,"minecraft:calcite":9,"minecraft:poppy":2,"minecraft:sugar_cane":7,"minecraft:egg":3,"minecraft:raw_iron":237,"minecraft:stick":6,"minecraft:composter":1,"minecraft:oak_fence":4,"minecraft:torch":8,"minecraft:diorite":7,"minecraft:carrot":8,"minecraft:hay_block":13,"minecraft:rail":93,"minecraft:cobblestone":103,"minecraft:andesite":12,"minecraft:potato":3,"minecraft:flint":5,"minecraft:tuff":64,"minecraft:oak_log":150,"minecraft:gunpowder":1,"minecraft:lapis_lazuli":38,"minecraft:dirt":549,"minecraft:bone":1,"minecraft:wheat_seeds":36,"minecraft:iron_ingot":3,"minecraft:fletching_table":1,"minecraft:oak_planks":94,"minecraft:smooth_basalt":13,"minecraft:raw_iron_block":5,"minecraft:gravel":44,"minecraft:sand":110,"minecraft:spruce_sapling":2,"minecraft:spruce_log":7,"minecraft:spider_eye":2,"minecraft:diamond":58,"minecraft:spruce_boat":1,"minecraft:granite":6,"minecraft:oak_sapling":5,"minecraft:coal":19},"minecraft:crafted":{"minecraft:oak_planks":600,"minecraft:raw_iron":45,"minecraft:furnace":3,"minecraft:diamond_shovel":1,"minecraft:diamond_helmet":1,"minecraft:diamond_leggings":1,"minecraft:bow":5,"minecraft:stone_pickaxe":1,"minecraft:chest":2,"minecraft:diamond_boots":1,"minecraft:spruce_boat":1,"minecraft:stone_hoe":1,"minecraft:wheat":117,"minecraft:crossbow":5,"minecraft:diamond_sword":1,"minecraft:emerald":39,"minecraft:arrow":16,"minecraft:diamond_axe":1,"minecraft:crafting_table":3,"minecraft:spruce_planks":28,"minecraft:wooden_pickaxe":1,"minecraft:fletching_table":1,"minecraft:stone_axe":1,"minecraft:bread":39,"minecraft:air":0,"minecraft:white_wool":7,"minecraft:diamond_pickaxe":1,"minecraft:stick":1256,"minecraft:iron_ingot":16,"minecraft:iron_pickaxe":1,"minecraft:iron_block":1,"minecraft:torch":8,"minecraft:diamond_chestplate":1},"minecraft:mined":{"minecraft:tuff":101,"minecraft:farmland":21,"minecraft:deepslate_diamond_ore":51,"minecraft:granite":12,"minecraft:grass_block":288,"minecraft:spruce_leaves":1,"minecraft:composter":1,"minecraft:oxeye_daisy":1,"minecraft:spawner":1,"minecraft:large_fern":2,"minecraft:hay_block":13,"minecraft:raw_iron_block":5,"minecraft:carrots":2,"minecraft:iron_ore":34,"minecraft:andesite":22,"minecraft:fletching_table":1,"minecraft:deepslate_iron_ore":86,"minecraft:dirt_path":178,"minecraft:rail":93,"minecraft:stone":116,"minecraft:deepslate_redstone_ore":5,"minecraft:dandelion":4,"minecraft:crafting_table":8,"minecraft:oak_fence":4,"minecraft:clay":1,"minecraft:torch":2,"minecraft:short_grass":186,"minecraft:calcite":9,"minecraft:tall_grass":9,"minecraft:cobblestone":6,"minecraft:lapis_ore":8,"minecraft:oak_planks":128,"minecraft:sugar_cane":2,"minecraft:diorite":22,"minecraft:wall_torch":2,"minecraft:wheat":8,"minecraft:spruce_log":7,"minecraft:stripped_oak_wood":1,"minecraft:coal_ore":19,"minecraft:oak_log":151,"minecraft:dirt":73,"minecraft:gravel":50,"minecraft:sand":235,"minecraft:cobweb":17,"minecraft:smooth_basalt":13,"minecraft:oak_leaves":61,"minecraft:deepslate":249}},"DataVersion":3955}