{"stats":{"minecraft:crafted":{"minecraft:oak_planks":836,"minecraft:raw_iron":45,"minecraft:tripwire_hook":2,"minecraft:furnace":3,"minecraft:lever":1,"minecraft:diamond_shovel":2,"minecraft:bookshelf":14,"minecraft:oak_trapdoor":2,"minecraft:diamond_helmet":1,"minecraft:bow":14,"minecraft:diamond_leggings":1,"minecraft:stone_pickaxe":1,"minecraft:chest":22,"minecraft:diamond_boots":1,"minecraft:spruce_boat":1,"minecraft:stone_hoe":1,"minecraft:wheat":117,"minecraft:oak_slab":6,"minecraft:crossbow":5,"minecraft:diamond_sword":1,"minecraft:arrow":240,"minecraft:emerald":96,"minecraft:diamond_axe":1,"minecraft:crafting_table":5,"minecraft:spruce_planks":28,"minecraft:wooden_pickaxe":1,"minecraft:fletching_table":2,"minecraft:bucket":1,"minecraft:stone_axe":1,"minecraft:enchanted_book":1,"minecraft:bread":69,"minecraft:air":0,"minecraft:lectern":1,"minecraft:white_wool":7,"minecraft:diamond_pickaxe":1,"minecraft:stick":1356,"minecraft:iron_ingot":69,"minecraft:iron_pickaxe":1,"minecraft:iron_block":4,"minecraft:anvil":1,"minecraft:torch":76,"minecraft:shears":1,"minecraft:diamond_chestplate":1},"minecraft:used":{"minecraft:oak_trapdoor":2,"minecraft:chest":31,"minecraft:stone_hoe":57,"minecraft:torch":37,"minecraft:dirt":724,"minecraft:anvil":1,"minecraft:snowball":49,"minecraft:spruce_boat":11,"minecraft:bookshelf":13,"minecraft:smooth_basalt":12,"minecraft:tripwire_hook":2,"minecraft:bow":15,"minecraft:furnace":3,"minecraft:cobbled_deepslate":80,"minecraft:water_bucket":13,"minecraft:stone_pickaxe":3,"minecraft:oak_planks":86,"minecraft:wooden_pickaxe":17,"minecraft:diamond_axe":1075,"minecraft:fletching_table":3,"minecraft:sugar_cane":12,"minecraft:sand":2,"minecraft:crafting_table":12,"minecraft:blast_furnace":1,"minecraft:shears":7,"minecraft:oak_log":2,"minecraft:lever":1,"minecraft:diamond_pickaxe":1176,"minecraft:diamond_shovel":2212,"minecraft:string":21,"minecraft:bread":46,"minecraft:iron_pickaxe":190,"minecraft:lectern":24,"minecraft:gravel":45,"minecraft:stone_axe":31,"minecraft:diamond_sword":236,"minecraft:cobblestone":179,"minecraft:bucket":14,"minecraft:yellow_bed":2},"minecraft:custom":{"minecraft:mob_kills":46,"minecraft:interact_with_anvil":5,"minecraft:interact_with_crafting_table":56,"minecraft:leave_game":2,"minecraft:time_since_death":267594,"minecraft:climb_one_cm":2733,"minecraft:sprint_one_cm":355142,"minecraft:walk_one_cm":906674,"minecraft:drop":127,"minecraft:talked_to_villager":74,"minecraft:play_time":267594,"minecraft:sneak_time":4941,"minecraft:walk_under_water_one_cm":14861,"minecraft:boat_one_cm":379680,"minecraft:jump":3693,"minecraft:walk_on_water_one_cm":96621,"minecraft:total_world_time":267594,"minecraft:interact_with_furnace":13,"minecraft:traded_with_villager":136,"minecraft:sleep_in_bed":10,"minecraft:time_since_rest":36642,"minecraft:damage_taken":1493,"minecraft:damage_dealt":8826,"minecraft:swim_one_cm":22816,"minecraft:fly_one_cm":672466,"minecraft:open_chest":83,"minecraft:crouch_one_cm":10703,"minecraft:fall_one_cm":64743},"minecraft:dropped":{"minecraft:water_bucket":1,"minecraft:bread":7,"minecraft:oak_slab":2,"minecraft:wheat_seeds":23,"minecraft:mossy_cobblestone":20,"minecraft:diamond":16,"minecraft:crafting_table":1,"minecraft:oak_fence":17,"minecraft:cobblestone":94,"minecraft:granite":6,"minecraft:cracked_stone_bricks":8,"minecraft:flint":3,"minecraft:stick":31,"minecraft:oxeye_daisy":1,"minecraft:dirt":45,"minecraft:iron_door":2,"minecraft:oak_stairs":3,"minecraft:sand":99,"minecraft:iron_pickaxe":1,"minecraft:string":19,"minecraft:bucket":1,"minecraft:spruce_sapling":2,"minecraft:dandelion":1,"minecraft:smooth_basalt":1,"minecraft:oak_door":1,"minecraft:gravel":34,"minecraft:stone_axe":1,"minecraft:kelp":1,"minecraft:cobbled_deepslate":66,"minecraft:obsidian":4,"minecraft:tuff":64,"minecraft:raw_iron":165,"minecraft:rotten_flesh":2,"minecraft:oak_planks":1,"minecraft:white_terracotta":31,"minecraft:poppy":5,"minecraft:oak_fence_gate":3,"minecraft:spruce_planks":4,"minecraft:mossy_stone_bricks":19,"minecraft:oak_sapling":6,"minecraft:stone_bricks":17,"minecraft:wooden_pickaxe":1,"minecraft:bow":10,"minecraft:stone_pickaxe":1,"minecraft:calcite":9,"minecraft:egg":2},"minecraft:killed":{"minecraft:cave_spider":3,"minecraft:spider":6,"minecraft:skeleton":8,"minecraft:silverfish":2,"minecraft:drowned":1,"minecraft:iron_golem":2,"minecraft:creeper":3,"minecraft:zombie":18,"minecraft:stray":2},"minecraft:picked_up":{"minecraft:crafting_table":9,"minecraft:wheat":2,"minecraft:clay_ball":4,"minecraft:oak_stairs":3,"minecraft:shield":1,"minecraft:string":10813,"minecraft:iron_axe":1,"minecraft:cracked_stone_bricks":10,"minecraft:cobbled_deepslate":147,"minecraft:bucket":1,"minecraft:spruce_planks":4,"minecraft:oak_boat":1,"minecraft:calcite":9,"minecraft:azalea":2,"minecraft:poppy":5,"minecraft:lectern":24,"minecraft:sugar_cane":16,"minecraft:chest":9,"minecraft:iron_boots":1,"minecraft:golden_helmet":1,"minecraft:egg":3,"minecraft:tipped_arrow":1,"minecraft:stick":31,"minecraft:raw_iron":237,"minecraft:oak_door":1,"minecraft:composter":1,"minecraft:oak_fence":21,"minecraft:torch":30,"minecraft:diorite":30,"minecraft:carrot":8,"minecraft:arrow":145,"minecraft:rotten_flesh":12,"minecraft:shears":1,"minecraft:hay_block":13,"minecraft:white_terracotta":31,"minecraft:snowball":49,"minecraft:obsidian":4,"minecraft:rail":93,"minecraft:cobblestone":451,"minecraft:oxeye_daisy":1,"minecraft:stripped_oak_log":32,"minecraft:iron_door":2,"minecraft:water_bucket":1,"minecraft:andesite":18,"minecraft:potato":3,"minecraft:flint":10,"minecraft:tuff":64,"minecraft:oak_log":303,"minecraft:yellow_bed":2,"minecraft:gunpowder":1,"minecraft:lapis_lazuli":38,"minecraft:dirt":784,"minecraft:bone":2,"minecraft:stone_bricks":18,"minecraft:kelp":1,"minecraft:bow":10,"minecraft:wheat_seeds":66,"minecraft:oak_fence_gate":3,"minecraft:iron_ingot":12,"minecraft:stripped_oak_wood":1,"minecraft:mossy_stone_bricks":19,"minecraft:fletching_table":1,"minecraft:oak_planks":267,"minecraft:book":1097,"minecraft:smooth_basalt":13,"minecraft:dandelion":1,"minecraft:raw_iron_block":5,"minecraft:gravel":97,"minecraft:sand":170,"minecraft:spruce_sapling":4,"minecraft:blast_furnace":1,"minecraft:spruce_log":15,"minecraft:spider_eye":2,"minecraft:mossy_cobblestone":20,"minecraft:diamond":81,"minecraft:spruce_boat":11,"minecraft:granite":10,"minecraft:golden_apple":1,"minecraft:bread":55,"minecraft:emerald":29,"minecraft:oak_sapling":11,"minecraft:coal":28},"minecraft:mined":{"minecraft:tuff":101,"minecraft:farmland":21,"minecraft:mossy_cobblestone":3,"minecraft:deepslate_diamond_ore":51,"minecraft:obsidian":4,"minecraft:granite":16,"minecraft:grass_block":429,"minecraft:spruce_leaves":32,"minecraft:composter":1,"minecraft:oxeye_daisy":1,"minecraft:spawner":2,"minecraft:large_fern":2,"minecraft:hay_block":13,"minecraft:tall_seagrass":1,"minecraft:raw_iron_block":5,"minecraft:carrots":2,"minecraft:iron_ore":34,"minecraft:andesite":46,"minecraft:fletching_table":1,"minecraft:oak_stairs":3,"minecraft:vine":1,"minecraft:bookshelf":358,"minecraft:cave_vines":1,"minecraft:deepslate_iron_ore":86,"minecraft:dirt_path":249,"minecraft:rail":93,"minecraft:stripped_oak_log":32,"minecraft:azalea":2,"minecraft:stone":433,"minecraft:tripwire":7,"minecraft:deepslate_redstone_ore":5,"minecraft:glass_pane":3,"minecraft:infested_stone_bricks":3,"minecraft:dandelion":4,"minecraft:oak_fence":21,"minecraft:clay":1,"minecraft:crafting_table":8,"minecraft:torch":5,"minecraft:short_grass":247,"minecraft:blast_furnace":1,"minecraft:calcite":9,"minecraft:chest":9,"minecraft:lectern":24,"minecraft:tall_grass":21,"minecraft:cobblestone":46,"minecraft:lapis_ore":8,"minecraft:sugar_cane":6,"minecraft:oak_planks":294,"minecraft:diorite":45,"minecraft:iron_door":2,"minecraft:wall_torch":7,"minecraft:seagrass":3,"minecraft:white_terracotta":31,"minecraft:sweet_berry_bush":8,"minecraft:wheat":8,"minecraft:spruce_log":15,"minecraft:stripped_oak_wood":2,"minecraft:yellow_bed":2,"minecraft:oak_log":280,"minecraft:coal_ore":25,"minecraft:oak_fence_gate":3,"minecraft:gravel":110,"minecraft:sand":300,"minecraft:dirt":108,"minecraft:cracked_stone_bricks":8,"minecraft:cobweb":36,"minecraft:smooth_basalt":13,"minecraft:stone_bricks":11,"minecraft:mossy_stone_bricks":14,"minecraft:oak_leaves":129,"minecraft:deepslate":249,"minecraft:fern":2}},"DataVersion":3955}