{"stats":{"minecraft:used":{"minecraft:stone_pickaxe":3,"minecraft:chest":2,"minecraft:oak_planks":58,"minecraft:sugar_cane":3,"minecraft:wooden_pickaxe":17,"minecraft:diamond_axe":219,"minecraft:fletching_table":2,"minecraft:stone_hoe":57,"minecraft:torch":8,"minecraft:dirt":480,"minecraft:sand":1,"minecraft:crafting_table":11,"minecraft:spruce_boat":1,"minecraft:diamond_pickaxe":651,"minecraft:diamond_shovel":1309,"minecraft:bread":24,"minecraft:iron_pickaxe":190,"minecraft:gravel":20,"minecraft:smooth_basalt":12,"minecraft:stone_axe":31,"minecraft:diamond_sword":97,"minecraft:cobblestone":35,"minecraft:cobbled_deepslate":80},"minecraft:dropped":{"minecraft:stone_axe":1,"minecraft:cobbled_deepslate":66,"minecraft:diamond":14,"minecraft:crafting_table":1,"minecraft:tuff":64,"minecraft:raw_iron":165,"minecraft:granite":6,"minecraft:poppy":2,"minecraft:sand":39,"minecraft:wooden_pickaxe":1,"minecraft:stone_pickaxe":1,"minecraft:iron_pickaxe":1,"minecraft:calcite":9,"minecraft:smooth_basalt":1,"minecraft:egg":2,"minecraft:spruce_sapling":2},"minecraft:custom":{"minecraft:mob_kills":27,"minecraft:traded_with_villager":29,"minecraft:interact_with_crafting_table":19,"minecraft:time_since_death":95774,"minecraft:sleep_in_bed":4,"minecraft:time_since_rest":11183,"minecraft:sprint_one_cm":120134,"minecraft:damage_taken":1050,"minecraft:walk_one_cm":384002,"minecraft:drop":43,"minecraft:damage_dealt":5660,"minecraft:swim_one_cm":18390,"minecraft:talked_to_villager":14,"minecraft:fly_one_cm":161086,"minecraft:open_chest":10,"minecraft:crouch_one_cm":3239,"minecraft:play_time":95774,"minecraft:sneak_time":2147,"minecraft:walk_under_water_one_cm":7133,"minecraft:boat_one_cm":24176,"minecraft:jump":1178,"minecraft:walk_on_water_one_cm":41477,"minecraft:total_world_time":95774,"minecraft:fall_one_cm":18019},"minecraft:killed":{"minecraft:cave_spider":3,"minecraft:spider":4,"minecraft:iron_golem":1,"minecraft:creeper":1,"minecraft:skeleton":8,"minecraft:zombie":8,"minecraft:drowned":1},"minecraft:picked_up":{"minecraft:crafting_table":9,"minecraft:andesite":12,"minecraft:flint":4,"minecraft:tuff":64,"minecraft:oak_log":89,"minecraft:gunpowder":1,"minecraft:lapis_lazuli":38,"minecraft:string":23,"minecraft:dirt":487,"minecraft:bone":1,"minecraft:wheat_seeds":13,"minecraft:cobbled_deepslate":147,"minecraft:iron_ingot":3,"minecraft:calcite":9,"minecraft:poppy":2,"minecraft:fletching_table":1,"minecraft:sugar_cane":3,"minecraft:oak_planks":94,"minecraft:egg":3,"minecraft:stick":6,"minecraft:raw_iron":120,"minecraft:smooth_basalt":13,"minecraft:oak_fence":4,"minecraft:torch":8,"minecraft:raw_iron_block":5,"minecraft:gravel":39,"minecraft:sand":104,"minecraft:spruce_sapling":2,"minecraft:diorite":7,"minecraft:spruce_log":7,"minecraft:spider_eye":2,"minecraft:diamond":58,"minecraft:spruce_boat":1,"minecraft:hay_block":13,"minecraft:granite":6,"minecraft:oak_sapling":5,"minecraft:rail":93,"minecraft:coal":19,"minecraft:cobblestone":103},"minecraft:crafted":{"minecraft:oak_planks":356,"minecraft:raw_iron":45,"minecraft:diamond_sword":1,"minecraft:arrow":16,"minecraft:emerald":23,"minecraft:diamond_axe":1,"minecraft:crafting_table":3,"minecraft:spruce_planks":28,"minecraft:wooden_pickaxe":1,"minecraft:fletching_table":1,"minecraft:diamond_shovel":1,"minecraft:stone_axe":1,"minecraft:bread":39,"minecraft:bow":5,"minecraft:white_wool":7,"minecraft:diamond_helmet":1,"minecraft:diamond_leggings":1,"minecraft:diamond_pickaxe":1,"minecraft:stick":768,"minecraft:iron_pickaxe":1,"minecraft:stone_pickaxe":1,"minecraft:chest":2,"minecraft:diamond_boots":1,"minecraft:spruce_boat":1,"minecraft:torch":8,"minecraft:stone_hoe":1,"minecraft:diamond_chestplate":1,"minecraft:wheat":117},"minecraft:mined":{"minecraft:deepslate_redstone_ore":5,"minecraft:tuff":101,"minecraft:deepslate_diamond_ore":51,"minecraft:dandelion":4,"minecraft:oak_fence":4,"minecraft:crafting_table":8,"minecraft:torch":2,"minecraft:granite":12,"minecraft:short_grass":163,"minecraft:grass_block":264,"minecraft:calcite":9,"minecraft:tall_grass":6,"minecraft:cobblestone":6,"minecraft:sugar_cane":1,"minecraft:spruce_leaves":1,"minecraft:lapis_ore":8,"minecraft:oak_planks":128,"minecraft:oxeye_daisy":1,"minecraft:diorite":22,"minecraft:wall_torch":2,"minecraft:spawner":1,"minecraft:large_fern":2,"minecraft:hay_block":13,"minecraft:raw_iron_block":5,"minecraft:carrots":1,"minecraft:iron_ore":34,"minecraft:spruce_log":7,"minecraft:andesite":22,"minecraft:stripped_oak_wood":1,"minecraft:fletching_table":1,"minecraft:oak_log":90,"minecraft:coal_ore":19,"minecraft:sand":229,"minecraft:dirt_path":175,"minecraft:deepslate_iron_ore":86,"minecraft:rail":93,"minecraft:gravel":44,"minecraft:dirt":60,"minecraft:cobweb":17,"minecraft:smooth_basalt":13,"minecraft:stone":116,"minecraft:oak_leaves":57,"minecraft:deepslate":249}},"DataVersion":3955}