{"stats":{"minecraft:used":{"minecraft:stone_pickaxe":3,"minecraft:wooden_pickaxe":17,"minecraft:diamond_axe":3,"minecraft:fletching_table":1,"minecraft:stone_hoe":57,"minecraft:dirt":1,"minecraft:crafting_table":9,"minecraft:spruce_boat":1,"minecraft:diamond_pickaxe":91,"minecraft:bread":5,"minecraft:iron_pickaxe":190,"minecraft:gravel":20,"minecraft:smooth_basalt":3,"minecraft:stone_axe":31,"minecraft:cobblestone":9},"minecraft:dropped":{"minecraft:crafting_table":1},"minecraft:custom":{"minecraft:mob_kills":1,"minecraft:traded_with_villager":2,"minecraft:interact_with_crafting_table":17,"minecraft:time_since_death":23774,"minecraft:sleep_in_bed":1,"minecraft:time_since_rest":12679,"minecraft:sprint_one_cm":28020,"minecraft:damage_taken":265,"minecraft:walk_one_cm":43926,"minecraft:drop":1,"minecraft:damage_dealt":1000,"minecraft:swim_one_cm":3042,"minecraft:talked_to_villager":4,"minecraft:fly_one_cm":48231,"minecraft:crouch_one_cm":1278,"minecraft:play_time":23774,"minecraft:sneak_time":1104,"minecraft:walk_under_water_one_cm":923,"minecraft:boat_one_cm":24176,"minecraft:jump":229,"minecraft:walk_on_water_one_cm":2171,"minecraft:total_world_time":23774,"minecraft:fall_one_cm":6762},"minecraft:killed":{"minecraft:iron_golem":1},"minecraft:picked_up":{"minecraft:crafting_table":9,"minecraft:andesite":12,"minecraft:flint":2,"minecraft:tuff":9,"minecraft:oak_log":10,"minecraft:lapis_lazuli":38,"minecraft:dirt":4,"minecraft:wheat_seeds":1,"minecraft:cobbled_deepslate":44,"minecraft:iron_ingot":3,"minecraft:calcite":9,"minecraft:poppy":2,"minecraft:stick":6,"minecraft:raw_iron":34,"minecraft:smooth_basalt":13,"minecraft:gravel":20,"minecraft:spruce_sapling":2,"minecraft:diorite":7,"minecraft:spruce_log":7,"minecraft:diamond":33,"minecraft:spruce_boat":1,"minecraft:hay_block":13,"minecraft:granite":6,"minecraft:oak_sapling":5,"minecraft:coal":19,"minecraft:cobblestone":103},"minecraft:crafted":{"minecraft:oak_planks":40,"minecraft:diamond_sword":1,"minecraft:emerald":2,"minecraft:diamond_axe":1,"minecraft:crafting_table":2,"minecraft:spruce_planks":28,"minecraft:wooden_pickaxe":1,"minecraft:fletching_table":1,"minecraft:diamond_shovel":1,"minecraft:stone_axe":1,"minecraft:bread":39,"minecraft:diamond_helmet":1,"minecraft:diamond_leggings":1,"minecraft:diamond_pickaxe":1,"minecraft:stick":96,"minecraft:iron_pickaxe":1,"minecraft:stone_pickaxe":1,"minecraft:diamond_boots":1,"minecraft:spruce_boat":1,"minecraft:stone_hoe":1,"minecraft:diamond_chestplate":1,"minecraft:wheat":117},"minecraft:mined":{"minecraft:tuff":9,"minecraft:deepslate_diamond_ore":33,"minecraft:crafting_table":8,"minecraft:granite":6,"minecraft:short_grass":19,"minecraft:grass_block":2,"minecraft:calcite":9,"minecraft:cobblestone":6,"minecraft:spruce_leaves":1,"minecraft:lapis_ore":8,"minecraft:diorite":7,"minecraft:large_fern":2,"minecraft:hay_block":13,"minecraft:iron_ore":34,"minecraft:spruce_log":7,"minecraft:andesite":12,"minecraft:oak_log":10,"minecraft:coal_ore":19,"minecraft:gravel":22,"minecraft:dirt":2,"minecraft:smooth_basalt":13,"minecraft:stone":97,"minecraft:oak_leaves":57,"minecraft:deepslate":44}},"DataVersion":3955}