{"stats":{"minecraft:crafted":{"minecraft:oak_planks":80,"minecraft:arrow":80,"minecraft:emerald":38,"minecraft:crafting_table":1,"minecraft:spruce_planks":8,"minecraft:wooden_pickaxe":1,"minecraft:iron_helmet":1,"minecraft:stone_axe":1,"minecraft:oak_boat":1,"minecraft:bow":5,"minecraft:iron_boots":1,"minecraft:iron_chestplate":1,"minecraft:shield":1,"minecraft:iron_axe":1,"minecraft:stick":16,"minecraft:stone_pickaxe":1,"minecraft:iron_leggings":1,"minecraft:white_bed":1,"minecraft:torch":4},"minecraft:used":{"minecraft:stone_pickaxe":15,"minecraft:wooden_pickaxe":16,"minecraft:torch":5,"minecraft:crafting_table":3,"minecraft:white_bed":5,"minecraft:spruce_log":2,"minecraft:apple":1,"minecraft:string":6,"minecraft:stone_axe":36,"minecraft:cobblestone":3,"minecraft:sweet_berries":29,"minecraft:oak_boat":2},"minecraft:custom":{"minecraft:mob_kills":8,"minecraft:traded_with_villager":48,"minecraft:interact_with_crafting_table":19,"minecraft:leave_game":3,"minecraft:time_since_death":41998,"minecraft:sleep_in_bed":5,"minecraft:time_since_rest":8746,"minecraft:sprint_one_cm":31565,"minecraft:damage_taken":573,"minecraft:walk_one_cm":123653,"minecraft:drop":8,"minecraft:damage_dealt":782,"minecraft:swim_one_cm":2406,"minecraft:talked_to_villager":30,"minecraft:fly_one_cm":46751,"minecraft:open_chest":26,"minecraft:crouch_one_cm":141,"minecraft:play_time":42683,"minecraft:deaths":1,"minecraft:sneak_time":67,"minecraft:walk_under_water_one_cm":1829,"minecraft:boat_one_cm":7517,"minecraft:jump":552,"minecraft:walk_on_water_one_cm":17227,"minecraft:total_world_time":42683,"minecraft:fall_one_cm":7966},"minecraft:dropped":{"minecraft:cobblestone":38,"minecraft:book":28,"minecraft:apple":2,"minecraft:poppy":2,"minecraft:dirt":64,"minecraft:spruce_planks":4,"minecraft:oak_sapling":3},"minecraft:killed_by":{"minecraft:zombie":1},"minecraft:killed":{"minecraft:iron_golem":1,"minecraft:sheep":6,"minecraft:skeleton":1},"minecraft:picked_up":{"minecraft:crafting_table":3,"minecraft:oak_log":46,"minecraft:dirt":65,"minecraft:string":897,"minecraft:bone":3,"minecraft:apple":3,"minecraft:iron_ingot":47,"minecraft:oak_boat":2,"minecraft:poppy":2,"minecraft:book":28,"minecraft:stick":1,"minecraft:sweet_berries":41,"minecraft:torch":4,"minecraft:white_bed":4,"minecraft:spruce_log":4,"minecraft:oak_sapling":3,"minecraft:mutton":9,"minecraft:coal":11,"minecraft:white_wool":6,"minecraft:cobblestone":55},"minecraft:mined":{"minecraft:white_bed":4,"minecraft:glass_pane":1,"minecraft:crafting_table":3,"minecraft:torch":4,"minecraft:grass_block":1,"minecraft:poppy":1,"minecraft:cobblestone":3,"minecraft:wall_torch":1,"minecraft:sweet_berry_bush":20,"minecraft:spruce_log":4,"minecraft:coal_ore":11,"minecraft:oak_log":27,"minecraft:stone":14,"minecraft:oak_leaves":8,"minecraft:tripwire":2}},"DataVersion":3955}