{"stats":{"minecraft:crafted":{"minecraft:oak_boat":1,"minecraft:oak_planks":20,"minecraft:crafting_table":1,"minecraft:spruce_planks":8,"minecraft:stick":8,"minecraft:wooden_pickaxe":1,"minecraft:stone_pickaxe":1,"minecraft:white_bed":1,"minecraft:torch":4,"minecraft:stone_axe":1},"minecraft:used":{"minecraft:stone_pickaxe":14,"minecraft:wooden_pickaxe":16,"minecraft:torch":3,"minecraft:stone_axe":36,"minecraft:cobblestone":3,"minecraft:sweet_berries":23,"minecraft:crafting_table":3,"minecraft:white_bed":2,"minecraft:oak_boat":2,"minecraft:spruce_log":2},"minecraft:custom":{"minecraft:time_since_rest":4457,"minecraft:sprint_one_cm":21349,"minecraft:damage_taken":530,"minecraft:walk_one_cm":84097,"minecraft:mob_kills":8,"minecraft:drop":2,"minecraft:damage_dealt":772,"minecraft:swim_one_cm":2406,"minecraft:interact_with_crafting_table":5,"minecraft:fly_one_cm":23322,"minecraft:open_chest":5,"minecraft:crouch_one_cm":141,"minecraft:play_time":24683,"minecraft:deaths":1,"minecraft:sneak_time":55,"minecraft:walk_under_water_one_cm":1777,"minecraft:boat_one_cm":7517,"minecraft:jump":416,"minecraft:leave_game":3,"minecraft:time_since_death":23998,"minecraft:walk_on_water_one_cm":15708,"minecraft:sleep_in_bed":3,"minecraft:total_world_time":24683,"minecraft:fall_one_cm":7130},"minecraft:dropped":{"minecraft:poppy":2},"minecraft:killed_by":{"minecraft:zombie":1},"minecraft:killed":{"minecraft:sheep":6,"minecraft:skeleton":1,"minecraft:iron_golem":1},"minecraft:picked_up":{"minecraft:crafting_table":3,"minecraft:stick":1,"minecraft:sweet_berries":41,"minecraft:torch":3,"minecraft:oak_log":26,"minecraft:white_bed":2,"minecraft:spruce_log":4,"minecraft:dirt":1,"minecraft:bone":3,"minecraft:apple":1,"minecraft:iron_ingot":4,"minecraft:oak_boat":2,"minecraft:poppy":2,"minecraft:oak_sapling":3,"minecraft:mutton":9,"minecraft:coal":11,"minecraft:white_wool":6,"minecraft:cobblestone":17},"minecraft:mined":{"minecraft:white_bed":2,"minecraft:sweet_berry_bush":19,"minecraft:spruce_log":4,"minecraft:crafting_table":3,"minecraft:torch":2,"minecraft:grass_block":1,"minecraft:oak_log":27,"minecraft:coal_ore":11,"minecraft:poppy":1,"minecraft:cobblestone":3,"minecraft:stone":14,"minecraft:oak_leaves":8,"minecraft:wall_torch":1}},"DataVersion":3955}