{"stats":{"minecraft:crafted":{"minecraft:oak_boat":1,"minecraft:oak_planks":20,"minecraft:crafting_table":1,"minecraft:spruce_planks":8,"minecraft:stick":8,"minecraft:wooden_pickaxe":1,"minecraft:stone_pickaxe":1,"minecraft:white_bed":1,"minecraft:torch":4,"minecraft:stone_axe":1},"minecraft:used":{"minecraft:stone_pickaxe":11,"minecraft:wooden_pickaxe":16,"minecraft:torch":3,"minecraft:stone_axe":36,"minecraft:sweet_berries":14,"minecraft:crafting_table":3,"minecraft:white_bed":1,"minecraft:oak_boat":2,"minecraft:spruce_log":2},"minecraft:custom":{"minecraft:time_since_rest":2248,"minecraft:sprint_one_cm":8320,"minecraft:damage_taken":520,"minecraft:walk_one_cm":61842,"minecraft:mob_kills":7,"minecraft:drop":2,"minecraft:damage_dealt":763,"minecraft:interact_with_crafting_table":5,"minecraft:fly_one_cm":9713,"minecraft:open_chest":1,"minecraft:crouch_one_cm":47,"minecraft:play_time":16467,"minecraft:deaths":1,"minecraft:sneak_time":4,"minecraft:boat_one_cm":7517,"minecraft:jump":307,"minecraft:leave_game":2,"minecraft:time_since_death":15782,"minecraft:walk_on_water_one_cm":1609,"minecraft:sleep_in_bed":2,"minecraft:total_world_time":16467,"minecraft:fall_one_cm":5959},"minecraft:dropped":{"minecraft:poppy":2},"minecraft:killed_by":{"minecraft:zombie":1},"minecraft:killed":{"minecraft:skeleton":1,"minecraft:sheep":6},"minecraft:picked_up":{"minecraft:stick":1,"minecraft:crafting_table":3,"minecraft:sweet_berries":41,"minecraft:torch":3,"minecraft:oak_log":26,"minecraft:white_bed":1,"minecraft:spruce_log":4,"minecraft:dirt":1,"minecraft:bone":3,"minecraft:apple":1,"minecraft:oak_boat":1,"minecraft:poppy":2,"minecraft:oak_sapling":3,"minecraft:mutton":8,"minecraft:coal":11,"minecraft:white_wool":5,"minecraft:cobblestone":14},"minecraft:mined":{"minecraft:white_bed":1,"minecraft:sweet_berry_bush":19,"minecraft:spruce_log":4,"minecraft:crafting_table":3,"minecraft:torch":2,"minecraft:grass_block":1,"minecraft:oak_log":27,"minecraft:coal_ore":11,"minecraft:poppy":1,"minecraft:stone":14,"minecraft:oak_leaves":8,"minecraft:wall_torch":1}},"DataVersion":3955}