{"stats":{"minecraft:crafted":{"minecraft:oak_planks":184,"minecraft:furnace":8,"minecraft:bookshelf":16,"minecraft:diamond_helmet":1,"minecraft:iron_boots":2,"minecraft:iron_axe":2,"minecraft:arrow":192,"minecraft:emerald":85,"minecraft:crafting_table":1,"minecraft:spruce_planks":4,"minecraft:enchanting_table":1,"minecraft:iron_helmet":1,"minecraft:iron_sword":2,"minecraft:fletching_table":3,"minecraft:bread":68,"minecraft:iron_chestplate":2,"minecraft:shield":2,"minecraft:stick":96,"minecraft:iron_ingot":105,"minecraft:iron_pickaxe":2,"minecraft:iron_shovel":3,"minecraft:iron_leggings":2,"minecraft:pumpkin_pie":12},"minecraft:used":{"minecraft:beetroot":2,"minecraft:enchanting_table":1,"minecraft:iron_shovel":711,"minecraft:shield":10,"minecraft:iron_sword":45,"minecraft:bell":1,"minecraft:iron_chestplate":1,"minecraft:dirt":111,"minecraft:mutton":4,"minecraft:carrot":8,"minecraft:diamond_helmet":1,"minecraft:snowball":27,"minecraft:bookshelf":16,"minecraft:iron_axe":249,"minecraft:iron_helmet":1,"minecraft:iron_boots":2,"minecraft:bow":25,"minecraft:sweet_berries":10,"minecraft:oak_sapling":1,"minecraft:potato":12,"minecraft:cobbled_deepslate":41,"minecraft:iron_leggings":1,"minecraft:fletching_table":3,"minecraft:crafting_table":1,"minecraft:diamond_shovel":131,"minecraft:chicken":1,"minecraft:bread":19,"minecraft:string":3,"minecraft:iron_pickaxe":345,"minecraft:gravel":1,"minecraft:stone_axe":48,"minecraft:yellow_bed":1},"minecraft:custom":{"minecraft:mob_kills":9,"minecraft:interact_with_anvil":4,"minecraft:interact_with_crafting_table":33,"minecraft:bell_ring":1,"minecraft:leave_game":4,"minecraft:time_since_death":39545,"minecraft:climb_one_cm":585,"minecraft:sprint_one_cm":300766,"minecraft:walk_one_cm":340403,"minecraft:damage_blocked_by_shield":290,"minecraft:drop":98,"minecraft:talked_to_villager":40,"minecraft:play_time":153724,"minecraft:deaths":3,"minecraft:sneak_time":2711,"minecraft:walk_under_water_one_cm":17500,"minecraft:boat_one_cm":212448,"minecraft:jump":1739,"minecraft:walk_on_water_one_cm":28771,"minecraft:total_world_time":153724,"minecraft:interact_with_furnace":27,"minecraft:traded_with_villager":111,"minecraft:sleep_in_bed":8,"minecraft:time_since_rest":39580,"minecraft:damage_taken":1868,"minecraft:damage_dealt":2579,"minecraft:swim_one_cm":49756,"minecraft:fly_one_cm":353512,"minecraft:open_chest":60,"minecraft:crouch_one_cm":4953,"minecraft:fall_one_cm":46277},"minecraft:broken":{"minecraft:iron_shovel":2,"minecraft:diamond_shovel":1,"minecraft:iron_axe":1,"minecraft:stone_axe":1},"minecraft:dropped":{"minecraft:iron_ingot":43,"minecraft:wheat_seeds":19,"minecraft:diamond_axe":1,"minecraft:oak_log":20,"minecraft:mossy_cobblestone":17,"minecraft:diamond":13,"minecraft:feather":2,"minecraft:cobblestone":119,"minecraft:emerald":77,"minecraft:stick":5,"minecraft:dirt":365,"minecraft:oak_stairs":6,"minecraft:sugar":1,"minecraft:string":2683,"minecraft:dandelion":1,"minecraft:oak_door":2,"minecraft:gravel":14,"minecraft:sweet_berries":5,"minecraft:iron_nugget":13,"minecraft:raw_iron":117,"minecraft:rotten_flesh":9,"minecraft:oak_planks":19,"minecraft:stripped_oak_log":1,"minecraft:poppy":3,"minecraft:gunpowder":2,"minecraft:beetroot_seeds":6,"minecraft:chest":2,"minecraft:bow":4,"minecraft:arrow":208,"minecraft:stone_pickaxe":1,"minecraft:bell":1,"minecraft:egg":1},"minecraft:killed_by":{"minecraft:zombie":2},"minecraft:killed":{"minecraft:chicken":1,"minecraft:tropical_fish":1,"minecraft:iron_golem":2,"minecraft:zombie":4,"minecraft:villager":1},"minecraft:picked_up":{"minecraft:crafting_table":3,"minecraft:iron_chestplate":2,"minecraft:wheat":8,"minecraft:chicken":1,"minecraft:wooden_pickaxe":1,"minecraft:oak_stairs":6,"minecraft:enchanted_book":2,"minecraft:shield":2,"minecraft:string":5190,"minecraft:iron_axe":2,"minecraft:iron_leggings":2,"minecraft:iron_shovel":2,"minecraft:beetroot":2,"minecraft:cobbled_deepslate":105,"minecraft:iron_nugget":39,"minecraft:poppy":3,"minecraft:iron_pickaxe":3,"minecraft:chest":2,"minecraft:egg":1,"minecraft:iron_boots":2,"minecraft:furnace":2,"minecraft:stick":8,"minecraft:raw_iron":203,"minecraft:oak_door":2,"minecraft:composter":1,"minecraft:oak_fence":1,"minecraft:torch":16,"minecraft:diorite":3,"minecraft:carrot":9,"minecraft:redstone":15,"minecraft:rotten_flesh":10,"minecraft:arrow":256,"minecraft:beetroot_seeds":6,"minecraft:pumpkin_pie":24,"minecraft:obsidian":4,"minecraft:mutton":4,"minecraft:snowball":28,"minecraft:white_wool":3,"minecraft:cobblestone":165,"minecraft:stripped_oak_log":1,"minecraft:feather":2,"minecraft:andesite":13,"minecraft:potato":12,"minecraft:flint":4,"minecraft:tuff":64,"minecraft:oak_log":66,"minecraft:yellow_bed":2,"minecraft:gunpowder":2,"minecraft:dirt":479,"minecraft:apple":22,"minecraft:bow":7,"minecraft:wheat_seeds":57,"minecraft:bell":4,"minecraft:iron_ingot":8,"minecraft:stone_pickaxe":2,"minecraft:moss_block":3,"minecraft:iron_sword":2,"minecraft:oak_planks":61,"minecraft:sweet_berries":15,"minecraft:dandelion":1,"minecraft:gravel":15,"minecraft:spruce_sapling":11,"minecraft:spruce_log":25,"minecraft:mossy_cobblestone":17,"minecraft:sugar":1,"minecraft:diamond":9,"minecraft:stone_axe":1,"minecraft:iron_helmet":2,"minecraft:diamond_axe":1,"minecraft:emerald":48,"minecraft:bread":132,"minecraft:oak_sapling":1,"minecraft:coal":64},"minecraft:mined":{"minecraft:mossy_cobblestone":18,"minecraft:oak_door":2,"minecraft:cave_vines_plant":1,"minecraft:grass_block":53,"minecraft:spruce_leaves":105,"minecraft:composter":1,"minecraft:moss_block":10,"minecraft:carrots":9,"minecraft:furnace":2,"minecraft:iron_ore":14,"minecraft:snow":28,"minecraft:andesite":14,"minecraft:bell":2,"minecraft:potatoes":12,"minecraft:deepslate_iron_ore":8,"minecraft:dirt_path":217,"minecraft:oak_stairs":6,"minecraft:stripped_oak_log":1,"minecraft:stone":64,"minecraft:glass_pane":4,"minecraft:oak_fence":1,"minecraft:crafting_table":1,"minecraft:short_grass":8,"minecraft:chest":2,"minecraft:cobblestone":111,"minecraft:oak_planks":8,"minecraft:diorite":4,"minecraft:wall_torch":3,"minecraft:wheat":41,"minecraft:sweet_berry_bush":6,"minecraft:spruce_log":25,"minecraft:yellow_bed":2,"minecraft:oak_log":68,"minecraft:coal_ore":33,"minecraft:beetroots":2,"minecraft:gravel":22,"minecraft:dirt":170,"minecraft:oak_leaves":7,"minecraft:deepslate":41}},"DataVersion":3955}