{"stats":{"minecraft:crafted":{"minecraft:oak_planks":28,"minecraft:crafting_table":1,"minecraft:spruce_planks":4,"minecraft:iron_helmet":1,"minecraft:iron_sword":1,"minecraft:furnace":8,"minecraft:diamond_helmet":1,"minecraft:iron_boots":2,"minecraft:iron_chestplate":2,"minecraft:shield":2,"minecraft:iron_axe":1,"minecraft:stick":16,"minecraft:iron_ingot":50,"minecraft:iron_pickaxe":1,"minecraft:iron_leggings":1},"minecraft:used":{"minecraft:shield":7,"minecraft:iron_sword":1,"minecraft:iron_chestplate":1,"minecraft:dirt":1,"minecraft:mutton":4,"minecraft:crafting_table":1,"minecraft:carrot":2,"minecraft:diamond_helmet":1,"minecraft:bread":3,"minecraft:string":3,"minecraft:iron_pickaxe":156,"minecraft:iron_helmet":1,"minecraft:iron_boots":2,"minecraft:gravel":1,"minecraft:stone_axe":48,"minecraft:sweet_berries":10,"minecraft:potato":12,"minecraft:cobbled_deepslate":41},"minecraft:custom":{"minecraft:interact_with_furnace":14,"minecraft:interact_with_anvil":1,"minecraft:mob_kills":2,"minecraft:interact_with_crafting_table":16,"minecraft:leave_game":3,"minecraft:time_since_death":7777,"minecraft:sleep_in_bed":4,"minecraft:climb_one_cm":261,"minecraft:time_since_rest":4227,"minecraft:sprint_one_cm":128422,"minecraft:damage_taken":687,"minecraft:walk_one_cm":97649,"minecraft:damage_blocked_by_shield":180,"minecraft:drop":17,"minecraft:damage_dealt":957,"minecraft:swim_one_cm":24872,"minecraft:talked_to_villager":9,"minecraft:fly_one_cm":112536,"minecraft:open_chest":23,"minecraft:crouch_one_cm":2109,"minecraft:play_time":53950,"minecraft:deaths":1,"minecraft:sneak_time":1707,"minecraft:walk_under_water_one_cm":5297,"minecraft:boat_one_cm":139971,"minecraft:jump":669,"minecraft:walk_on_water_one_cm":12254,"minecraft:total_world_time":53950,"minecraft:fall_one_cm":19734},"minecraft:broken":{"minecraft:stone_axe":1},"minecraft:dropped":{"minecraft:raw_iron":117,"minecraft:string":839},"minecraft:killed":{"minecraft:iron_golem":1,"minecraft:tropical_fish":1},"minecraft:picked_up":{"minecraft:andesite":13,"minecraft:wooden_pickaxe":1,"minecraft:flint":1,"minecraft:tuff":64,"minecraft:oak_log":7,"minecraft:yellow_bed":1,"minecraft:string":842,"minecraft:dirt":4,"minecraft:cobbled_deepslate":105,"minecraft:iron_ingot":4,"minecraft:stone_pickaxe":1,"minecraft:iron_pickaxe":1,"minecraft:moss_block":3,"minecraft:furnace":2,"minecraft:raw_iron":203,"minecraft:sweet_berries":10,"minecraft:torch":1,"minecraft:gravel":1,"minecraft:spruce_sapling":2,"minecraft:diorite":3,"minecraft:spruce_log":1,"minecraft:diamond":7,"minecraft:stone_axe":1,"minecraft:bread":7,"minecraft:mutton":4,"minecraft:coal":10,"minecraft:white_wool":3,"minecraft:cobblestone":46},"minecraft:mined":{"minecraft:cave_vines_plant":1,"minecraft:short_grass":1,"minecraft:grass_block":3,"minecraft:moss_block":10,"minecraft:diorite":4,"minecraft:furnace":2,"minecraft:iron_ore":14,"minecraft:sweet_berry_bush":6,"minecraft:spruce_log":1,"minecraft:andesite":14,"minecraft:yellow_bed":1,"minecraft:oak_log":7,"minecraft:coal_ore":15,"minecraft:deepslate_iron_ore":8,"minecraft:gravel":2,"minecraft:dirt":1,"minecraft:stone":50,"minecraft:oak_leaves":1,"minecraft:deepslate":41}},"DataVersion":3955}