{"stats":{"minecraft:crafted":{"minecraft:oak_planks":172,"minecraft:furnace":8,"minecraft:bookshelf":16,"minecraft:diamond_helmet":1,"minecraft:iron_boots":2,"minecraft:iron_axe":2,"minecraft:arrow":192,"minecraft:emerald":26,"minecraft:crafting_table":1,"minecraft:spruce_planks":4,"minecraft:enchanting_table":1,"minecraft:iron_helmet":1,"minecraft:iron_sword":2,"minecraft:bread":2,"minecraft:iron_chestplate":2,"minecraft:shield":2,"minecraft:stick":24,"minecraft:iron_ingot":105,"minecraft:iron_pickaxe":2,"minecraft:iron_shovel":3,"minecraft:iron_leggings":2},"minecraft:used":{"minecraft:beetroot":2,"minecraft:enchanting_table":1,"minecraft:iron_shovel":612,"minecraft:shield":7,"minecraft:iron_sword":1,"minecraft:bell":1,"minecraft:iron_chestplate":1,"minecraft:dirt":107,"minecraft:mutton":4,"minecraft:carrot":8,"minecraft:diamond_helmet":1,"minecraft:bookshelf":16,"minecraft:iron_axe":119,"minecraft:iron_helmet":1,"minecraft:iron_boots":2,"minecraft:sweet_berries":10,"minecraft:potato":12,"minecraft:cobbled_deepslate":41,"minecraft:iron_leggings":1,"minecraft:crafting_table":1,"minecraft:diamond_shovel":131,"minecraft:chicken":1,"minecraft:bread":6,"minecraft:string":3,"minecraft:iron_pickaxe":324,"minecraft:gravel":1,"minecraft:stone_axe":48,"minecraft:yellow_bed":1},"minecraft:custom":{"minecraft:mob_kills":4,"minecraft:interact_with_anvil":1,"minecraft:interact_with_crafting_table":32,"minecraft:bell_ring":1,"minecraft:leave_game":3,"minecraft:time_since_death":61777,"minecraft:climb_one_cm":261,"minecraft:sprint_one_cm":189501,"minecraft:walk_one_cm":238250,"minecraft:damage_blocked_by_shield":180,"minecraft:drop":74,"minecraft:talked_to_villager":20,"minecraft:play_time":107950,"minecraft:deaths":1,"minecraft:sneak_time":1904,"minecraft:walk_under_water_one_cm":16690,"minecraft:boat_one_cm":139971,"minecraft:jump":1024,"minecraft:walk_on_water_one_cm":22271,"minecraft:total_world_time":107950,"minecraft:interact_with_furnace":27,"minecraft:traded_with_villager":38,"minecraft:sleep_in_bed":7,"minecraft:time_since_rest":8746,"minecraft:damage_taken":1067,"minecraft:damage_dealt":1945,"minecraft:fly_one_cm":182577,"minecraft:swim_one_cm":38819,"minecraft:open_chest":42,"minecraft:crouch_one_cm":2202,"minecraft:fall_one_cm":26626},"minecraft:broken":{"minecraft:iron_shovel":2,"minecraft:diamond_shovel":1,"minecraft:stone_axe":1},"minecraft:dropped":{"minecraft:iron_ingot":43,"minecraft:wheat_seeds":19,"minecraft:oak_log":20,"minecraft:mossy_cobblestone":17,"minecraft:diamond":13,"minecraft:feather":2,"minecraft:cobblestone":119,"minecraft:stick":5,"minecraft:dirt":365,"minecraft:oak_stairs":6,"minecraft:sugar":1,"minecraft:string":2293,"minecraft:oak_door":2,"minecraft:raw_iron":117,"minecraft:rotten_flesh":3,"minecraft:oak_planks":10,"minecraft:stripped_oak_log":1,"minecraft:poppy":3,"minecraft:gunpowder":2,"minecraft:beetroot_seeds":5,"minecraft:chest":1,"minecraft:arrow":208,"minecraft:bow":3,"minecraft:egg":1},"minecraft:killed":{"minecraft:chicken":1,"minecraft:tropical_fish":1,"minecraft:iron_golem":2},"minecraft:picked_up":{"minecraft:crafting_table":1,"minecraft:wheat":6,"minecraft:chicken":1,"minecraft:wooden_pickaxe":1,"minecraft:oak_stairs":6,"minecraft:string":3417,"minecraft:beetroot":2,"minecraft:cobbled_deepslate":105,"minecraft:poppy":3,"minecraft:iron_pickaxe":1,"minecraft:chest":1,"minecraft:furnace":2,"minecraft:egg":1,"minecraft:raw_iron":203,"minecraft:oak_door":2,"minecraft:torch":6,"minecraft:diorite":3,"minecraft:redstone":5,"minecraft:arrow":80,"minecraft:rotten_flesh":3,"minecraft:beetroot_seeds":5,"minecraft:mutton":4,"minecraft:obsidian":4,"minecraft:white_wool":3,"minecraft:cobblestone":165,"minecraft:stripped_oak_log":1,"minecraft:feather":2,"minecraft:andesite":13,"minecraft:flint":1,"minecraft:tuff":64,"minecraft:oak_log":63,"minecraft:yellow_bed":2,"minecraft:gunpowder":2,"minecraft:dirt":475,"minecraft:bow":2,"minecraft:wheat_seeds":19,"minecraft:bell":2,"minecraft:iron_ingot":8,"minecraft:stone_pickaxe":1,"minecraft:moss_block":3,"minecraft:oak_planks":8,"minecraft:sweet_berries":10,"minecraft:gravel":1,"minecraft:spruce_sapling":2,"minecraft:spruce_log":1,"minecraft:mossy_cobblestone":17,"minecraft:sugar":1,"minecraft:stone_axe":1,"minecraft:diamond":9,"minecraft:bread":8,"minecraft:coal":28},"minecraft:mined":{"minecraft:mossy_cobblestone":18,"minecraft:oak_door":2,"minecraft:cave_vines_plant":1,"minecraft:grass_block":48,"minecraft:moss_block":10,"minecraft:furnace":2,"minecraft:iron_ore":14,"minecraft:andesite":14,"minecraft:bell":2,"minecraft:dirt_path":217,"minecraft:deepslate_iron_ore":8,"minecraft:oak_stairs":6,"minecraft:stripped_oak_log":1,"minecraft:stone":64,"minecraft:glass_pane":4,"minecraft:crafting_table":1,"minecraft:short_grass":8,"minecraft:chest":1,"minecraft:cobblestone":111,"minecraft:oak_planks":8,"minecraft:diorite":4,"minecraft:wall_torch":3,"minecraft:sweet_berry_bush":6,"minecraft:wheat":10,"minecraft:spruce_log":1,"minecraft:yellow_bed":2,"minecraft:coal_ore":33,"minecraft:oak_log":65,"minecraft:beetroots":1,"minecraft:gravel":2,"minecraft:dirt":167,"minecraft:oak_leaves":1,"minecraft:deepslate":41}},"DataVersion":3955}