{"stats":{"minecraft:used":{"minecraft:bread":2,"minecraft:string":3,"minecraft:iron_pickaxe":2,"minecraft:iron_boots":1,"minecraft:stone_axe":48,"minecraft:mutton":4,"minecraft:sweet_berries":10,"minecraft:crafting_table":1,"minecraft:diamond_helmet":1},"minecraft:broken":{"minecraft:stone_axe":1},"minecraft:dropped":{"minecraft:raw_iron":117,"minecraft:string":839},"minecraft:custom":{"minecraft:time_since_rest":4552,"minecraft:interact_with_furnace":5,"minecraft:sprint_one_cm":82617,"minecraft:damage_taken":119,"minecraft:walk_one_cm":50697,"minecraft:mob_kills":1,"minecraft:drop":17,"minecraft:damage_dealt":927,"minecraft:talked_to_villager":6,"minecraft:swim_one_cm":16206,"minecraft:interact_with_crafting_table":12,"minecraft:fly_one_cm":71991,"minecraft:open_chest":9,"minecraft:crouch_one_cm":77,"minecraft:play_time":30942,"minecraft:sneak_time":258,"minecraft:walk_under_water_one_cm":4926,"minecraft:jump":371,"minecraft:leave_game":2,"minecraft:walk_on_water_one_cm":8279,"minecraft:time_since_death":30942,"minecraft:sleep_in_bed":3,"minecraft:total_world_time":30942,"minecraft:fall_one_cm":8465},"minecraft:killed":{"minecraft:iron_golem":1},"minecraft:picked_up":{"minecraft:raw_iron":181,"minecraft:sweet_berries":10,"minecraft:torch":1,"minecraft:wooden_pickaxe":1,"minecraft:tuff":64,"minecraft:oak_log":4,"minecraft:spruce_sapling":2,"minecraft:yellow_bed":1,"minecraft:spruce_log":1,"minecraft:string":842,"minecraft:dirt":1,"minecraft:diamond":7,"minecraft:stone_axe":1,"minecraft:cobbled_deepslate":64,"minecraft:iron_ingot":4,"minecraft:stone_pickaxe":1,"minecraft:bread":7,"minecraft:iron_pickaxe":1,"minecraft:mutton":4,"minecraft:coal":2,"minecraft:white_wool":3,"minecraft:furnace":2},"minecraft:crafted":{"minecraft:oak_planks":16,"minecraft:diamond_helmet":1,"minecraft:iron_boots":1,"minecraft:iron_chestplate":1,"minecraft:shield":1,"minecraft:iron_axe":1,"minecraft:crafting_table":1,"minecraft:spruce_planks":4,"minecraft:stick":8,"minecraft:iron_ingot":41,"minecraft:iron_pickaxe":1,"minecraft:iron_sword":1,"minecraft:iron_leggings":1,"minecraft:furnace":8},"minecraft:mined":{"minecraft:furnace":2,"minecraft:sweet_berry_bush":6,"minecraft:spruce_log":1,"minecraft:yellow_bed":1,"minecraft:grass_block":1,"minecraft:oak_log":4}},"DataVersion":3955}