{"stats":{"minecraft:crafted":{"minecraft:oak_planks":68,"minecraft:crafting_table":1,"minecraft:spruce_planks":4,"minecraft:iron_helmet":1,"minecraft:iron_sword":2,"minecraft:furnace":8,"minecraft:bread":2,"minecraft:diamond_helmet":1,"minecraft:iron_boots":2,"minecraft:iron_chestplate":2,"minecraft:shield":2,"minecraft:iron_axe":2,"minecraft:stick":24,"minecraft:iron_ingot":76,"minecraft:iron_pickaxe":2,"minecraft:iron_shovel":3,"minecraft:iron_leggings":2},"minecraft:used":{"minecraft:beetroot":2,"minecraft:iron_shovel":612,"minecraft:shield":7,"minecraft:iron_sword":1,"minecraft:bell":1,"minecraft:iron_chestplate":1,"minecraft:dirt":107,"minecraft:mutton":4,"minecraft:crafting_table":1,"minecraft:carrot":8,"minecraft:diamond_helmet":1,"minecraft:diamond_shovel":131,"minecraft:chicken":1,"minecraft:iron_axe":92,"minecraft:bread":6,"minecraft:string":3,"minecraft:iron_pickaxe":323,"minecraft:iron_helmet":1,"minecraft:iron_boots":2,"minecraft:gravel":1,"minecraft:stone_axe":48,"minecraft:sweet_berries":10,"minecraft:potato":12,"minecraft:cobbled_deepslate":41,"minecraft:iron_leggings":1},"minecraft:custom":{"minecraft:interact_with_furnace":26,"minecraft:interact_with_anvil":1,"minecraft:mob_kills":4,"minecraft:interact_with_crafting_table":23,"minecraft:bell_ring":1,"minecraft:leave_game":3,"minecraft:time_since_death":43777,"minecraft:sleep_in_bed":6,"minecraft:climb_one_cm":261,"minecraft:time_since_rest":4457,"minecraft:sprint_one_cm":166697,"minecraft:damage_taken":1059,"minecraft:walk_one_cm":189188,"minecraft:damage_blocked_by_shield":180,"minecraft:drop":25,"minecraft:damage_dealt":1914,"minecraft:swim_one_cm":38819,"minecraft:talked_to_villager":9,"minecraft:fly_one_cm":156771,"minecraft:open_chest":30,"minecraft:crouch_one_cm":2139,"minecraft:play_time":89950,"minecraft:deaths":1,"minecraft:sneak_time":1888,"minecraft:walk_under_water_one_cm":16597,"minecraft:boat_one_cm":139971,"minecraft:jump":892,"minecraft:walk_on_water_one_cm":21632,"minecraft:total_world_time":89950,"minecraft:fall_one_cm":24894},"minecraft:broken":{"minecraft:iron_shovel":2,"minecraft:diamond_shovel":1,"minecraft:stone_axe":1},"minecraft:dropped":{"minecraft:raw_iron":117,"minecraft:feather":2,"minecraft:dirt":109,"minecraft:gunpowder":2,"minecraft:beetroot_seeds":5,"minecraft:chest":1,"minecraft:sugar":1,"minecraft:string":839,"minecraft:egg":1},"minecraft:killed":{"minecraft:iron_golem":2,"minecraft:chicken":1,"minecraft:tropical_fish":1},"minecraft:picked_up":{"minecraft:stripped_oak_log":1,"minecraft:crafting_table":1,"minecraft:wheat":6,"minecraft:feather":2,"minecraft:chicken":1,"minecraft:andesite":13,"minecraft:wooden_pickaxe":1,"minecraft:oak_stairs":6,"minecraft:flint":1,"minecraft:tuff":64,"minecraft:oak_log":37,"minecraft:yellow_bed":2,"minecraft:gunpowder":2,"minecraft:string":842,"minecraft:dirt":411,"minecraft:beetroot":2,"minecraft:wheat_seeds":19,"minecraft:cobbled_deepslate":105,"minecraft:bell":2,"minecraft:iron_ingot":8,"minecraft:stone_pickaxe":1,"minecraft:poppy":3,"minecraft:iron_pickaxe":1,"minecraft:moss_block":3,"minecraft:chest":1,"minecraft:oak_planks":8,"minecraft:egg":1,"minecraft:furnace":2,"minecraft:raw_iron":203,"minecraft:oak_door":2,"minecraft:sweet_berries":10,"minecraft:torch":4,"minecraft:gravel":1,"minecraft:spruce_sapling":2,"minecraft:diorite":3,"minecraft:spruce_log":1,"minecraft:redstone":5,"minecraft:mossy_cobblestone":17,"minecraft:rotten_flesh":3,"minecraft:sugar":1,"minecraft:diamond":7,"minecraft:beetroot_seeds":5,"minecraft:stone_axe":1,"minecraft:bread":8,"minecraft:mutton":4,"minecraft:coal":28,"minecraft:white_wool":3,"minecraft:cobblestone":165},"minecraft:mined":{"minecraft:glass_pane":4,"minecraft:mossy_cobblestone":18,"minecraft:oak_door":2,"minecraft:crafting_table":1,"minecraft:cave_vines_plant":1,"minecraft:short_grass":8,"minecraft:grass_block":48,"minecraft:chest":1,"minecraft:cobblestone":111,"minecraft:oak_planks":8,"minecraft:moss_block":10,"minecraft:diorite":4,"minecraft:wall_torch":2,"minecraft:furnace":2,"minecraft:wheat":10,"minecraft:iron_ore":14,"minecraft:sweet_berry_bush":6,"minecraft:spruce_log":1,"minecraft:andesite":14,"minecraft:yellow_bed":2,"minecraft:bell":2,"minecraft:oak_log":39,"minecraft:coal_ore":33,"minecraft:beetroots":1,"minecraft:deepslate_iron_ore":8,"minecraft:dirt_path":217,"minecraft:oak_stairs":6,"minecraft:gravel":2,"minecraft:dirt":167,"minecraft:stripped_oak_log":1,"minecraft:stone":64,"minecraft:oak_leaves":1,"minecraft:deepslate":41}},"DataVersion":3955}