{"stats":{"minecraft:crafted":{"minecraft:oak_planks":184,"minecraft:furnace":8,"minecraft:bookshelf":16,"minecraft:diamond_helmet":1,"minecraft:iron_boots":2,"minecraft:iron_axe":2,"minecraft:arrow":192,"minecraft:emerald":26,"minecraft:crafting_table":1,"minecraft:spruce_planks":4,"minecraft:enchanting_table":1,"minecraft:iron_helmet":1,"minecraft:iron_sword":2,"minecraft:fletching_table":3,"minecraft:bread":68,"minecraft:iron_chestplate":2,"minecraft:shield":2,"minecraft:stick":24,"minecraft:iron_ingot":105,"minecraft:iron_pickaxe":2,"minecraft:iron_shovel":3,"minecraft:iron_leggings":2,"minecraft:pumpkin_pie":12},"minecraft:used":{"minecraft:beetroot":2,"minecraft:enchanting_table":1,"minecraft:iron_shovel":659,"minecraft:shield":7,"minecraft:iron_sword":1,"minecraft:bell":1,"minecraft:iron_chestplate":1,"minecraft:dirt":107,"minecraft:mutton":4,"minecraft:carrot":8,"minecraft:diamond_helmet":1,"minecraft:bookshelf":16,"minecraft:iron_axe":140,"minecraft:iron_helmet":1,"minecraft:iron_boots":2,"minecraft:bow":7,"minecraft:sweet_berries":10,"minecraft:potato":12,"minecraft:cobbled_deepslate":41,"minecraft:iron_leggings":1,"minecraft:fletching_table":3,"minecraft:crafting_table":1,"minecraft:diamond_shovel":131,"minecraft:chicken":1,"minecraft:bread":10,"minecraft:string":3,"minecraft:iron_pickaxe":345,"minecraft:gravel":1,"minecraft:stone_axe":48,"minecraft:yellow_bed":1},"minecraft:custom":{"minecraft:mob_kills":7,"minecraft:interact_with_anvil":3,"minecraft:interact_with_crafting_table":33,"minecraft:bell_ring":1,"minecraft:leave_game":4,"minecraft:time_since_death":5428,"minecraft:climb_one_cm":261,"minecraft:sprint_one_cm":212696,"minecraft:walk_one_cm":269928,"minecraft:damage_blocked_by_shield":180,"minecraft:drop":75,"minecraft:talked_to_villager":26,"minecraft:play_time":119607,"minecraft:deaths":3,"minecraft:sneak_time":1922,"minecraft:walk_under_water_one_cm":16861,"minecraft:boat_one_cm":139971,"minecraft:jump":1181,"minecraft:walk_on_water_one_cm":24866,"minecraft:total_world_time":119607,"minecraft:interact_with_furnace":27,"minecraft:traded_with_villager":52,"minecraft:sleep_in_bed":8,"minecraft:time_since_rest":5463,"minecraft:damage_taken":1664,"minecraft:damage_dealt":2368,"minecraft:fly_one_cm":213978,"minecraft:swim_one_cm":45650,"minecraft:open_chest":49,"minecraft:crouch_one_cm":2233,"minecraft:fall_one_cm":28416},"minecraft:broken":{"minecraft:iron_shovel":2,"minecraft:diamond_shovel":1,"minecraft:stone_axe":1},"minecraft:dropped":{"minecraft:iron_ingot":43,"minecraft:wheat_seeds":19,"minecraft:oak_log":20,"minecraft:mossy_cobblestone":17,"minecraft:diamond":13,"minecraft:feather":2,"minecraft:cobblestone":119,"minecraft:stick":5,"minecraft:dirt":365,"minecraft:oak_stairs":6,"minecraft:sugar":1,"minecraft:string":2293,"minecraft:oak_door":2,"minecraft:raw_iron":117,"minecraft:rotten_flesh":3,"minecraft:oak_planks":10,"minecraft:stripped_oak_log":1,"minecraft:poppy":3,"minecraft:gunpowder":2,"minecraft:beetroot_seeds":5,"minecraft:chest":1,"minecraft:arrow":208,"minecraft:bow":4,"minecraft:egg":1},"minecraft:killed_by":{"minecraft:zombie":2},"minecraft:killed":{"minecraft:chicken":1,"minecraft:tropical_fish":1,"minecraft:iron_golem":2,"minecraft:zombie":3},"minecraft:picked_up":{"minecraft:iron_chestplate":2,"minecraft:crafting_table":3,"minecraft:wheat":6,"minecraft:chicken":1,"minecraft:wooden_pickaxe":1,"minecraft:oak_stairs":6,"minecraft:enchanted_book":2,"minecraft:shield":2,"minecraft:string":3949,"minecraft:iron_axe":2,"minecraft:iron_leggings":2,"minecraft:iron_shovel":2,"minecraft:beetroot":2,"minecraft:cobbled_deepslate":105,"minecraft:iron_nugget":39,"minecraft:poppy":3,"minecraft:iron_pickaxe":3,"minecraft:chest":2,"minecraft:iron_boots":2,"minecraft:furnace":2,"minecraft:egg":1,"minecraft:raw_iron":203,"minecraft:oak_door":2,"minecraft:torch":16,"minecraft:diorite":3,"minecraft:redstone":15,"minecraft:arrow":202,"minecraft:rotten_flesh":9,"minecraft:beetroot_seeds":5,"minecraft:pumpkin_pie":24,"minecraft:mutton":4,"minecraft:obsidian":4,"minecraft:white_wool":3,"minecraft:cobblestone":165,"minecraft:stripped_oak_log":1,"minecraft:feather":2,"minecraft:andesite":13,"minecraft:flint":4,"minecraft:tuff":64,"minecraft:oak_log":66,"minecraft:yellow_bed":2,"minecraft:gunpowder":2,"minecraft:dirt":475,"minecraft:apple":22,"minecraft:bow":7,"minecraft:wheat_seeds":19,"minecraft:bell":4,"minecraft:iron_ingot":8,"minecraft:stone_pickaxe":1,"minecraft:moss_block":3,"minecraft:iron_sword":2,"minecraft:oak_planks":24,"minecraft:sweet_berries":10,"minecraft:dandelion":1,"minecraft:gravel":15,"minecraft:spruce_sapling":2,"minecraft:spruce_log":1,"minecraft:mossy_cobblestone":17,"minecraft:sugar":1,"minecraft:stone_axe":1,"minecraft:diamond":9,"minecraft:iron_helmet":2,"minecraft:bread":132,"minecraft:coal":64},"minecraft:mined":{"minecraft:mossy_cobblestone":18,"minecraft:oak_door":2,"minecraft:cave_vines_plant":1,"minecraft:grass_block":48,"minecraft:moss_block":10,"minecraft:furnace":2,"minecraft:iron_ore":14,"minecraft:andesite":14,"minecraft:bell":2,"minecraft:dirt_path":217,"minecraft:deepslate_iron_ore":8,"minecraft:oak_stairs":6,"minecraft:stripped_oak_log":1,"minecraft:stone":64,"minecraft:glass_pane":4,"minecraft:crafting_table":1,"minecraft:short_grass":8,"minecraft:chest":2,"minecraft:cobblestone":111,"minecraft:oak_planks":8,"minecraft:diorite":4,"minecraft:wall_torch":3,"minecraft:sweet_berry_bush":6,"minecraft:wheat":10,"minecraft:spruce_log":1,"minecraft:yellow_bed":2,"minecraft:coal_ore":33,"minecraft:oak_log":68,"minecraft:beetroots":1,"minecraft:gravel":22,"minecraft:dirt":167,"minecraft:oak_leaves":1,"minecraft:deepslate":41}},"DataVersion":3955}