{"stats":{"minecraft:crafted":{"minecraft:oak_planks":64,"minecraft:crafting_table":1,"minecraft:spruce_planks":4,"minecraft:iron_helmet":1,"minecraft:iron_sword":2,"minecraft:furnace":8,"minecraft:diamond_helmet":1,"minecraft:iron_boots":2,"minecraft:iron_chestplate":2,"minecraft:shield":2,"minecraft:iron_axe":2,"minecraft:stick":16,"minecraft:iron_ingot":76,"minecraft:iron_pickaxe":2,"minecraft:iron_shovel":1,"minecraft:iron_leggings":2},"minecraft:used":{"minecraft:iron_shovel":160,"minecraft:shield":7,"minecraft:iron_sword":1,"minecraft:iron_chestplate":1,"minecraft:dirt":10,"minecraft:mutton":4,"minecraft:crafting_table":1,"minecraft:carrot":6,"minecraft:diamond_helmet":1,"minecraft:iron_axe":55,"minecraft:bread":3,"minecraft:string":3,"minecraft:iron_pickaxe":254,"minecraft:iron_helmet":1,"minecraft:iron_boots":2,"minecraft:gravel":1,"minecraft:stone_axe":48,"minecraft:sweet_berries":10,"minecraft:potato":12,"minecraft:cobbled_deepslate":41,"minecraft:iron_leggings":1},"minecraft:custom":{"minecraft:interact_with_furnace":26,"minecraft:interact_with_anvil":1,"minecraft:mob_kills":2,"minecraft:interact_with_crafting_table":21,"minecraft:leave_game":3,"minecraft:time_since_death":19777,"minecraft:sleep_in_bed":4,"minecraft:climb_one_cm":261,"minecraft:time_since_rest":16227,"minecraft:sprint_one_cm":144185,"minecraft:damage_taken":707,"minecraft:walk_one_cm":129136,"minecraft:damage_blocked_by_shield":180,"minecraft:drop":17,"minecraft:damage_dealt":957,"minecraft:swim_one_cm":24872,"minecraft:talked_to_villager":9,"minecraft:fly_one_cm":129687,"minecraft:open_chest":28,"minecraft:crouch_one_cm":2139,"minecraft:play_time":65950,"minecraft:deaths":1,"minecraft:sneak_time":1740,"minecraft:walk_under_water_one_cm":6525,"minecraft:boat_one_cm":139971,"minecraft:jump":770,"minecraft:walk_on_water_one_cm":13034,"minecraft:total_world_time":65950,"minecraft:fall_one_cm":23089},"minecraft:broken":{"minecraft:stone_axe":1},"minecraft:dropped":{"minecraft:raw_iron":117,"minecraft:string":839},"minecraft:killed":{"minecraft:iron_golem":1,"minecraft:tropical_fish":1},"minecraft:picked_up":{"minecraft:stripped_oak_log":1,"minecraft:crafting_table":1,"minecraft:feather":1,"minecraft:andesite":13,"minecraft:wooden_pickaxe":1,"minecraft:oak_stairs":6,"minecraft:flint":1,"minecraft:tuff":64,"minecraft:oak_log":37,"minecraft:yellow_bed":2,"minecraft:string":842,"minecraft:dirt":150,"minecraft:cobbled_deepslate":105,"minecraft:bell":1,"minecraft:iron_ingot":4,"minecraft:stone_pickaxe":1,"minecraft:poppy":1,"minecraft:iron_pickaxe":1,"minecraft:moss_block":3,"minecraft:chest":1,"minecraft:oak_planks":8,"minecraft:furnace":2,"minecraft:raw_iron":203,"minecraft:oak_door":2,"minecraft:sweet_berries":10,"minecraft:torch":4,"minecraft:gravel":1,"minecraft:spruce_sapling":2,"minecraft:diorite":3,"minecraft:spruce_log":1,"minecraft:mossy_cobblestone":14,"minecraft:diamond":7,"minecraft:stone_axe":1,"minecraft:bread":8,"minecraft:mutton":4,"minecraft:coal":10,"minecraft:white_wool":3,"minecraft:cobblestone":118},"minecraft:mined":{"minecraft:glass_pane":4,"minecraft:mossy_cobblestone":17,"minecraft:oak_door":2,"minecraft:crafting_table":1,"minecraft:cave_vines_plant":1,"minecraft:short_grass":2,"minecraft:grass_block":42,"minecraft:chest":1,"minecraft:cobblestone":76,"minecraft:oak_planks":8,"minecraft:moss_block":10,"minecraft:diorite":4,"minecraft:wall_torch":2,"minecraft:furnace":2,"minecraft:iron_ore":14,"minecraft:sweet_berry_bush":6,"minecraft:spruce_log":1,"minecraft:andesite":14,"minecraft:yellow_bed":2,"minecraft:bell":1,"minecraft:oak_log":39,"minecraft:coal_ore":15,"minecraft:deepslate_iron_ore":8,"minecraft:dirt_path":59,"minecraft:oak_stairs":6,"minecraft:gravel":2,"minecraft:dirt":61,"minecraft:stripped_oak_log":1,"minecraft:stone":50,"minecraft:oak_leaves":1,"minecraft:deepslate":41}},"DataVersion":3955}