{"stats":{"minecraft:custom":{"minecraft:jump":59,"minecraft:time_since_rest":2137,"minecraft:walk_on_water_one_cm":888,"minecraft:sprint_one_cm":13911,"minecraft:play_time":2137,"minecraft:damage_taken":60,"minecraft:time_since_death":2137,"minecraft:walk_one_cm":4657,"minecraft:total_world_time":2137,"minecraft:walk_under_water_one_cm":178,"minecraft:fall_one_cm":1886,"minecraft:fly_one_cm":8183},"minecraft:picked_up":{"minecraft:spruce_log":1,"minecraft:mutton":4,"minecraft:white_wool":3},"minecraft:mined":{"minecraft:spruce_log":1}},"DataVersion":3955}