{"stats":{"minecraft:used":{"minecraft:stone_axe":48,"minecraft:sweet_berries":10,"minecraft:crafting_table":1,"minecraft:diamond_helmet":1},"minecraft:broken":{"minecraft:stone_axe":1},"minecraft:custom":{"minecraft:time_since_rest":4397,"minecraft:sprint_one_cm":38791,"minecraft:damage_taken":90,"minecraft:walk_one_cm":20030,"minecraft:mob_kills":1,"minecraft:damage_dealt":927,"minecraft:swim_one_cm":16206,"minecraft:interact_with_crafting_table":6,"minecraft:fly_one_cm":30829,"minecraft:open_chest":2,"minecraft:crouch_one_cm":77,"minecraft:play_time":11418,"minecraft:sneak_time":239,"minecraft:walk_under_water_one_cm":3303,"minecraft:jump":181,"minecraft:leave_game":1,"minecraft:walk_on_water_one_cm":2332,"minecraft:time_since_death":11418,"minecraft:sleep_in_bed":2,"minecraft:total_world_time":11418,"minecraft:fall_one_cm":4471},"minecraft:killed":{"minecraft:iron_golem":1},"minecraft:picked_up":{"minecraft:raw_iron":165,"minecraft:sweet_berries":10,"minecraft:torch":1,"minecraft:wooden_pickaxe":1,"minecraft:tuff":64,"minecraft:oak_log":2,"minecraft:spruce_sapling":2,"minecraft:spruce_log":1,"minecraft:dirt":1,"minecraft:diamond":7,"minecraft:stone_axe":1,"minecraft:cobbled_deepslate":64,"minecraft:iron_ingot":4,"minecraft:stone_pickaxe":1,"minecraft:iron_pickaxe":1,"minecraft:mutton":4,"minecraft:white_wool":3},"minecraft:crafted":{"minecraft:oak_planks":8,"minecraft:diamond_helmet":1,"minecraft:crafting_table":1,"minecraft:spruce_planks":4,"minecraft:stick":8,"minecraft:iron_pickaxe":1,"minecraft:furnace":8},"minecraft:mined":{"minecraft:sweet_berry_bush":6,"minecraft:spruce_log":1,"minecraft:grass_block":1,"minecraft:oak_log":2}},"DataVersion":3955}